plan_id,host_mno,plan_name,benefit_category,benefit_name,benefit_service,benefit_tier,benefit_value_won,user_pay_won,is_selectable,select_group,benefit_detail,source_url
LPZ1006729,LGU+,데이터플랜9GB(키즈+1GB),추가데이터,데이터 추가 제공,,,,,False,,,https://www.lguplus.com/mobile/plan/mplan/5g-all/5g-youth/LPZ1006729
LPZ1006734,LGU+,데이터플랜5GB(키즈+1GB),추가데이터,데이터 추가 제공,,,,,False,,,https://www.lguplus.com/mobile/plan/mplan/5g-all/5g-youth/LPZ1006734
LPZ1006736,LGU+,데이터플랜750MB(키즈+2.5GB),추가데이터,데이터 추가 제공,,,,,False,,,https://www.lguplus.com/mobile/plan/mplan/5g-all/5g-youth/LPZ1006736
LPZ1006737,LGU+,데이터플랜300MB(키즈+0.7GB),추가데이터,데이터 추가 제공,,,,,False,,,https://www.lguplus.com/mobile/plan/mplan/5g-all/5g-youth/LPZ1006737
LPZ1007768,LGU+,데이터플랜1.5GB(키즈+3.5GB),추가데이터,데이터 추가 제공,,,,,False,,,https://www.lguplus.com/mobile/plan/mplan/5g-all/5g-youth/LPZ1007768
LPZ1006740,LGU+,데이터플랜9GB(청소년+2GB),추가데이터,데이터 추가 제공,,,,,False,,,https://www.lguplus.com/mobile/plan/mplan/5g-all/5g-youth/LPZ1006740
LPZ1006741,LGU+,데이터플랜5GB(청소년+2GB),추가데이터,데이터 추가 제공,,,,,False,,,https://www.lguplus.com/mobile/plan/mplan/5g-all/5g-youth/LPZ1006741
LPZ1006742,LGU+,데이터플랜1.5GB(청소년+1GB),추가데이터,데이터 추가 제공,,,,,False,,,https://www.lguplus.com/mobile/plan/mplan/5g-all/5g-youth/LPZ1006742
LPZ1007769,LGU+,데이터플랜750MB(청소년+0.5GB),추가데이터,데이터 추가 제공,,,,,False,,,https://www.lguplus.com/mobile/plan/mplan/5g-all/5g-youth/LPZ1007769
LPZ1007770,LGU+,데이터플랜300MB(청소년+0.7GB),추가데이터,데이터 추가 제공,,,,,False,,,https://www.lguplus.com/mobile/plan/mplan/5g-all/5g-youth/LPZ1007770
LPZ1007663,LGU+,데이터플랜1.5GB(유쓰+0.5GB),추가데이터,데이터 추가 제공,,,,,False,,,https://www.lguplus.com/mobile/plan/mplan/5g-all/5g-young/LPZ1007663
LPZ1007699,LGU+,데이터플랜150GB(유쓰+60GB),멤버십,VIP 등급,,,,,False,,,https://www.lguplus.com/mobile/plan/mplan/5g-all/5g-young/LPZ1007699
LPZ1007699,LGU+,데이터플랜150GB(유쓰+60GB),추가데이터,데이터 추가 제공,,,,,False,,,https://www.lguplus.com/mobile/plan/mplan/5g-all/5g-young/LPZ1007699
LPZ1007700,LGU+,데이터플랜125GB(유쓰+60GB),추가데이터,데이터 추가 제공,,,,,False,,,https://www.lguplus.com/mobile/plan/mplan/5g-all/5g-young/LPZ1007700
LPZ1007701,LGU+,데이터플랜95GB(유쓰+40GB),추가데이터,데이터 추가 제공,,,,,False,,,https://www.lguplus.com/mobile/plan/mplan/5g-all/5g-young/LPZ1007701
LPZ1007702,LGU+,데이터플랜80GB(유쓰+30GB),추가데이터,데이터 추가 제공,,,,,False,,,https://www.lguplus.com/mobile/plan/mplan/5g-all/5g-young/LPZ1007702
LPZ1007703,LGU+,데이터플랜50GB(유쓰+20GB),추가데이터,데이터 추가 제공,,,,,False,,,https://www.lguplus.com/mobile/plan/mplan/5g-all/5g-young/LPZ1007703
LPZ1007704,LGU+,데이터플랜31GB(유쓰+10GB),추가데이터,데이터 추가 제공,,,,,False,,,https://www.lguplus.com/mobile/plan/mplan/5g-all/5g-young/LPZ1007704
LPZ1007705,LGU+,데이터플랜24GB(유쓰+12GB),추가데이터,데이터 추가 제공,,,,,False,,,https://www.lguplus.com/mobile/plan/mplan/5g-all/5g-young/LPZ1007705
LPZ1007706,LGU+,데이터플랜14GB(유쓰+12GB),추가데이터,데이터 추가 제공,,,,,False,,,https://www.lguplus.com/mobile/plan/mplan/5g-all/5g-young/LPZ1007706
LPZ1007707,LGU+,데이터플랜9GB(유쓰+6GB),추가데이터,데이터 추가 제공,,,,,False,,,https://www.lguplus.com/mobile/plan/mplan/5g-all/5g-young/LPZ1007707
LPZ1007708,LGU+,데이터플랜5GB(유쓰+4GB),추가데이터,데이터 추가 제공,,,,,False,,,https://www.lguplus.com/mobile/plan/mplan/5g-all/5g-young/LPZ1007708
LPZ1006743,LGU+,데이터플랜9GB(시니어+3GB),추가데이터,데이터 추가 제공,,,,,False,,,https://www.lguplus.com/mobile/plan/mplan/5g-all/5g-senior/LPZ1006743
LPZ1006744,LGU+,데이터플랜5GB(시니어+3GB),추가데이터,데이터 추가 제공,,,,,False,,,https://www.lguplus.com/mobile/plan/mplan/5g-all/5g-senior/LPZ1006744
LPZ1006745,LGU+,데이터플랜750MB(시니어+0.5GB),추가데이터,데이터 추가 제공,,,,,False,,,https://www.lguplus.com/mobile/plan/mplan/5g-all/5g-senior/LPZ1006745
LPZ1006746,LGU+,데이터플랜1.5GB(시니어+1GB),추가데이터,데이터 추가 제공,,,,,False,,,https://www.lguplus.com/mobile/plan/mplan/5g-all/5g-senior/LPZ1006746
LPZ1007662,LGU+,데이터플랜300MB(시니어+0.7GB),추가데이터,데이터 추가 제공,,,,,False,,,https://www.lguplus.com/mobile/plan/mplan/5g-all/5g-senior/LPZ1007662
LPZ1007437,LGU+,데이터플랜MAX(Global),멤버십,VIP 등급,,,,,False,,,https://www.lguplus.com/mobile/plan/mplan/5g-all/5g-foreigner/LPZ1007437
LPZ1007437,LGU+,데이터플랜MAX(Global),기타,국제전화 최대 90분 무료,,,,,False,,,https://www.lguplus.com/mobile/plan/mplan/5g-all/5g-foreigner/LPZ1007437
LPZ1007437,LGU+,데이터플랜MAX(Global),추가데이터,테더링+쉐어링 70GB,,,,,False,,,https://www.lguplus.com/mobile/plan/mplan/5g-all/5g-foreigner/LPZ1007437
LPZ1007438,LGU+,데이터플랜150GB(Global),멤버십,VIP 등급,,,,,False,,,https://www.lguplus.com/mobile/plan/mplan/5g-all/5g-foreigner/LPZ1007438
LPZ1007438,LGU+,데이터플랜150GB(Global),기타,국제전화 최대 90분 무료,,,,,False,,,https://www.lguplus.com/mobile/plan/mplan/5g-all/5g-foreigner/LPZ1007438
LPZ1007439,LGU+,데이터플랜80GB(Global),기타,국제전화 최대 90분 무료,,,,,False,,,https://www.lguplus.com/mobile/plan/mplan/5g-all/5g-foreigner/LPZ1007439
LPZ1007440,LGU+,데이터플랜31GB(Global),기타,국제전화 최대 90분 무료,,,,,False,,,https://www.lguplus.com/mobile/plan/mplan/5g-all/5g-foreigner/LPZ1007440
LPZ1007441,LGU+,데이터플랜14GB(Global),기타,국제전화 최대 90분 무료,,,,,False,,,https://www.lguplus.com/mobile/plan/mplan/5g-all/5g-foreigner/LPZ1007441
LPZ1007442,LGU+,데이터플랜9GB(Global),기타,국제전화 최대 90분 무료,,,,,False,,,https://www.lguplus.com/mobile/plan/mplan/5g-all/5g-foreigner/LPZ1007442
LPZ1007443,LGU+,데이터플랜5GB(Global),기타,국제전화 최대 90분 무료,,,,,False,,,https://www.lguplus.com/mobile/plan/mplan/5g-all/5g-foreigner/LPZ1007443
LPZ1007630,LGU+,데이터플랜150GB(Uth+60GB),멤버십,VIP 등급,,,,,False,,,https://www.lguplus.com/mobile/plan/mplan/5g-all/5g-foreigner/LPZ1007630
LPZ1007630,LGU+,데이터플랜150GB(Uth+60GB),추가데이터,"국제전화, 데이터 추가 제공",,,,,False,,,https://www.lguplus.com/mobile/plan/mplan/5g-all/5g-foreigner/LPZ1007630
LPZ1007631,LGU+,데이터플랜80GB(Uth+30GB),추가데이터,"국제전화, 데이터 추가 제공",,,,,False,,,https://www.lguplus.com/mobile/plan/mplan/5g-all/5g-foreigner/LPZ1007631
LPZ1007632,LGU+,데이터플랜31GB(Uth+10GB),추가데이터,"국제전화, 데이터 추가 제공",,,,,False,,,https://www.lguplus.com/mobile/plan/mplan/5g-all/5g-foreigner/LPZ1007632
LPZ1007633,LGU+,데이터플랜14GB(Uth+12GB),추가데이터,"국제전화, 데이터 추가 제공",,,,,False,,,https://www.lguplus.com/mobile/plan/mplan/5g-all/5g-foreigner/LPZ1007633
LPZ1007634,LGU+,데이터플랜9GB(Uth+6GB),추가데이터,"국제전화, 데이터 추가 제공",,,,,False,,,https://www.lguplus.com/mobile/plan/mplan/5g-all/5g-foreigner/LPZ1007634
LPZ1007635,LGU+,데이터플랜5GB(Uth+4GB),추가데이터,"국제전화, 데이터 추가 제공",,,,,False,,,https://www.lguplus.com/mobile/plan/mplan/5g-all/5g-foreigner/LPZ1007635
LPZ1006521,LGU+,데이터플랜1.5GB(복지+1GB),추가데이터,데이터 추가 제공,,,,,False,,,https://www.lguplus.com/mobile/plan/mplan/5g-all/5g-welfare/LPZ1006521
LPZ1006941,LGU+,데이터플랜150GB(복지),멤버십,VIP 등급,,,,,False,,,https://www.lguplus.com/mobile/plan/mplan/5g-all/5g-welfare/LPZ1006941
LPZ1006941,LGU+,데이터플랜150GB(복지),기타,부가통화 추가 제공,,,,,False,,,https://www.lguplus.com/mobile/plan/mplan/5g-all/5g-welfare/LPZ1006941
LPZ1006959,LGU+,데이터플랜5GB(복지+1GB),추가데이터,데이터 추가 제공,,,,,False,,,https://www.lguplus.com/mobile/plan/mplan/5g-all/5g-welfare/LPZ1006959
LPZ1007664,LGU+,데이터플랜125GB(복지),기타,부가통화 추가 제공,,,,,False,,,https://www.lguplus.com/mobile/plan/mplan/5g-all/5g-welfare/LPZ1007664
LPZ1007665,LGU+,데이터플랜95GB(복지),기타,부가통화 추가 제공,,,,,False,,,https://www.lguplus.com/mobile/plan/mplan/5g-all/5g-welfare/LPZ1007665
LPZ1007666,LGU+,데이터플랜80GB(복지),기타,부가통화 추가 제공,,,,,False,,,https://www.lguplus.com/mobile/plan/mplan/5g-all/5g-welfare/LPZ1007666
LPZ1007667,LGU+,데이터플랜50GB(복지),기타,부가통화 추가 제공,,,,,False,,,https://www.lguplus.com/mobile/plan/mplan/5g-all/5g-welfare/LPZ1007667
LPZ1007668,LGU+,데이터플랜31GB(복지),기타,부가통화 추가 제공,,,,,False,,,https://www.lguplus.com/mobile/plan/mplan/5g-all/5g-welfare/LPZ1007668
LPZ1007669,LGU+,데이터플랜24GB(복지),기타,부가통화 추가 제공,,,,,False,,,https://www.lguplus.com/mobile/plan/mplan/5g-all/5g-welfare/LPZ1007669
LPZ1007670,LGU+,데이터플랜750MB(복지+0.5GB),추가데이터,데이터 추가 제공,,,,,False,,,https://www.lguplus.com/mobile/plan/mplan/5g-all/5g-welfare/LPZ1007670
LPZ1007671,LGU+,데이터플랜300MB(복지+0.7GB),추가데이터,데이터 추가 제공,,,,,False,,,https://www.lguplus.com/mobile/plan/mplan/5g-all/5g-welfare/LPZ1007671
LPZ1007680,LGU+,데이터플랜14GB(복지),기타,부가통화 추가 제공,,,,,False,,,https://www.lguplus.com/mobile/plan/mplan/5g-all/5g-welfare/LPZ1007680
LPZ1007712,LGU+,데이터플랜9GB(복지+1GB),추가데이터,데이터 추가 제공,,,,,False,,,https://www.lguplus.com/mobile/plan/mplan/5g-all/5g-welfare/LPZ1007712
Z202500388_디즈니+ & 티빙,LGU+,너겟65 (디즈니+ & 티빙),OTT/구독,디즈니+ & 티빙,디즈니+,,19400,0,True,프리미엄플러스(택1),"정가 19,400원 중 월 0원 부담",https://www.lguplus.com/mobile/plan/mplan/direct/nerget/Z202500388
Z202500388_디즈니+ & 티빙,LGU+,너겟65 (디즈니+ & 티빙),멤버십,24개월간 VIP 등급,,,,,False,,,https://www.lguplus.com/mobile/plan/mplan/direct/nerget/Z202500388
Z202500388_디즈니+ & 티빙,LGU+,너겟65 (디즈니+ & 티빙),스마트기기,"1대 월정액 할인 (최대 11,000원)",,,,,False,,,https://www.lguplus.com/mobile/plan/mplan/direct/nerget/Z202500388
Z202500388_디즈니+ & 티빙,LGU+,너겟65 (디즈니+ & 티빙),추가데이터,테더링+쉐어링 80GB,,,,,False,,,https://www.lguplus.com/mobile/plan/mplan/direct/nerget/Z202500388
Z202500388_데일리,LGU+,너겟65 (데일리),OTT/구독,데일리,데일리플러스,,0,0,True,프리미엄플러스(택1),정가 0원 중 월 0원 부담,https://www.lguplus.com/mobile/plan/mplan/direct/nerget/Z202500388
Z202500388_데일리,LGU+,너겟65 (데일리),멤버십,24개월간 VIP 등급,,,,,False,,,https://www.lguplus.com/mobile/plan/mplan/direct/nerget/Z202500388
Z202500388_데일리,LGU+,너겟65 (데일리),스마트기기,"1대 월정액 할인 (최대 11,000원)",,,,,False,,,https://www.lguplus.com/mobile/plan/mplan/direct/nerget/Z202500388
Z202500388_데일리,LGU+,너겟65 (데일리),추가데이터,테더링+쉐어링 80GB,,,,,False,,,https://www.lguplus.com/mobile/plan/mplan/direct/nerget/Z202500388
Z202500388_AI 구독,LGU+,너겟65 (AI 구독),OTT/구독,AI 구독,Google AI,,52900,0,True,프리미엄플러스(택1),"정가 52,900원 중 월 0원 부담",https://www.lguplus.com/mobile/plan/mplan/direct/nerget/Z202500388
Z202500388_AI 구독,LGU+,너겟65 (AI 구독),멤버십,24개월간 VIP 등급,,,,,False,,,https://www.lguplus.com/mobile/plan/mplan/direct/nerget/Z202500388
Z202500388_AI 구독,LGU+,너겟65 (AI 구독),스마트기기,"1대 월정액 할인 (최대 11,000원)",,,,,False,,,https://www.lguplus.com/mobile/plan/mplan/direct/nerget/Z202500388
Z202500388_AI 구독,LGU+,너겟65 (AI 구독),추가데이터,테더링+쉐어링 80GB,,,,,False,,,https://www.lguplus.com/mobile/plan/mplan/direct/nerget/Z202500388
Z202500388_구글 원,LGU+,너겟65 (구글 원),OTT/구독,구글 원,구글 원,,29000,0,True,프리미엄플러스(택1),"정가 29,000원 중 월 0원 부담",https://www.lguplus.com/mobile/plan/mplan/direct/nerget/Z202500388
Z202500388_구글 원,LGU+,너겟65 (구글 원),멤버십,24개월간 VIP 등급,,,,,False,,,https://www.lguplus.com/mobile/plan/mplan/direct/nerget/Z202500388
Z202500388_구글 원,LGU+,너겟65 (구글 원),스마트기기,"1대 월정액 할인 (최대 11,000원)",,,,,False,,,https://www.lguplus.com/mobile/plan/mplan/direct/nerget/Z202500388
Z202500388_구글 원,LGU+,너겟65 (구글 원),추가데이터,테더링+쉐어링 80GB,,,,,False,,,https://www.lguplus.com/mobile/plan/mplan/direct/nerget/Z202500388
Z202500388_올인원,LGU+,너겟65 (올인원),기타,올인원,,,26400,0,True,프리미엄플러스(택1),"정가 26,400원 중 월 0원 부담",https://www.lguplus.com/mobile/plan/mplan/direct/nerget/Z202500388
Z202500388_올인원,LGU+,너겟65 (올인원),멤버십,24개월간 VIP 등급,,,,,False,,,https://www.lguplus.com/mobile/plan/mplan/direct/nerget/Z202500388
Z202500388_올인원,LGU+,너겟65 (올인원),스마트기기,"1대 월정액 할인 (최대 11,000원)",,,,,False,,,https://www.lguplus.com/mobile/plan/mplan/direct/nerget/Z202500388
Z202500388_올인원,LGU+,너겟65 (올인원),추가데이터,테더링+쉐어링 80GB,,,,,False,,,https://www.lguplus.com/mobile/plan/mplan/direct/nerget/Z202500388
Z202500388_소호,LGU+,너겟65 (소호),기타,소호,,,24200,0,True,프리미엄플러스(택1),"정가 24,200원 중 월 0원 부담",https://www.lguplus.com/mobile/plan/mplan/direct/nerget/Z202500388
Z202500388_소호,LGU+,너겟65 (소호),멤버십,24개월간 VIP 등급,,,,,False,,,https://www.lguplus.com/mobile/plan/mplan/direct/nerget/Z202500388
Z202500388_소호,LGU+,너겟65 (소호),스마트기기,"1대 월정액 할인 (최대 11,000원)",,,,,False,,,https://www.lguplus.com/mobile/plan/mplan/direct/nerget/Z202500388
Z202500388_소호,LGU+,너겟65 (소호),추가데이터,테더링+쉐어링 80GB,,,,,False,,,https://www.lguplus.com/mobile/plan/mplan/direct/nerget/Z202500388
Z202500388_넷플릭스,LGU+,너겟65 (넷플릭스),OTT/구독,넷플릭스,넷플릭스,,17000,3500,True,프리미엄플러스(택1),"정가 17,000원 중 월 3,500원 부담",https://www.lguplus.com/mobile/plan/mplan/direct/nerget/Z202500388
Z202500388_넷플릭스,LGU+,너겟65 (넷플릭스),멤버십,24개월간 VIP 등급,,,,,False,,,https://www.lguplus.com/mobile/plan/mplan/direct/nerget/Z202500388
Z202500388_넷플릭스,LGU+,너겟65 (넷플릭스),스마트기기,"1대 월정액 할인 (최대 11,000원)",,,,,False,,,https://www.lguplus.com/mobile/plan/mplan/direct/nerget/Z202500388
Z202500388_넷플릭스,LGU+,너겟65 (넷플릭스),추가데이터,테더링+쉐어링 80GB,,,,,False,,,https://www.lguplus.com/mobile/plan/mplan/direct/nerget/Z202500388
Z202500388_이마트24,LGU+,너겟65 (이마트24),기타,이마트24,,,36000,0,True,프리미엄플러스(택1),"정가 36,000원 중 월 0원 부담",https://www.lguplus.com/mobile/plan/mplan/direct/nerget/Z202500388
Z202500388_이마트24,LGU+,너겟65 (이마트24),멤버십,24개월간 VIP 등급,,,,,False,,,https://www.lguplus.com/mobile/plan/mplan/direct/nerget/Z202500388
Z202500388_이마트24,LGU+,너겟65 (이마트24),스마트기기,"1대 월정액 할인 (최대 11,000원)",,,,,False,,,https://www.lguplus.com/mobile/plan/mplan/direct/nerget/Z202500388
Z202500388_이마트24,LGU+,너겟65 (이마트24),추가데이터,테더링+쉐어링 80GB,,,,,False,,,https://www.lguplus.com/mobile/plan/mplan/direct/nerget/Z202500388
Z202500388_삼성디바이스,LGU+,너겟65 (삼성디바이스),스마트기기,삼성디바이스,삼성 디바이스,,14580,0,True,프리미엄플러스(택1),"정가 14,580원 중 월 0원 부담",https://www.lguplus.com/mobile/plan/mplan/direct/nerget/Z202500388
Z202500388_삼성디바이스,LGU+,너겟65 (삼성디바이스),멤버십,24개월간 VIP 등급,,,,,False,,,https://www.lguplus.com/mobile/plan/mplan/direct/nerget/Z202500388
Z202500388_삼성디바이스,LGU+,너겟65 (삼성디바이스),스마트기기,"1대 월정액 할인 (최대 11,000원)",,,,,False,,,https://www.lguplus.com/mobile/plan/mplan/direct/nerget/Z202500388
Z202500388_삼성디바이스,LGU+,너겟65 (삼성디바이스),추가데이터,테더링+쉐어링 80GB,,,,,False,,,https://www.lguplus.com/mobile/plan/mplan/direct/nerget/Z202500388
Z202500388_애플디바이스,LGU+,너겟65 (애플디바이스),스마트기기,애플디바이스,애플 디바이스,,14360,0,True,프리미엄플러스(택1),"정가 14,360원 중 월 0원 부담",https://www.lguplus.com/mobile/plan/mplan/direct/nerget/Z202500388
Z202500388_애플디바이스,LGU+,너겟65 (애플디바이스),멤버십,24개월간 VIP 등급,,,,,False,,,https://www.lguplus.com/mobile/plan/mplan/direct/nerget/Z202500388
Z202500388_애플디바이스,LGU+,너겟65 (애플디바이스),스마트기기,"1대 월정액 할인 (최대 11,000원)",,,,,False,,,https://www.lguplus.com/mobile/plan/mplan/direct/nerget/Z202500388
Z202500388_애플디바이스,LGU+,너겟65 (애플디바이스),추가데이터,테더링+쉐어링 80GB,,,,,False,,,https://www.lguplus.com/mobile/plan/mplan/direct/nerget/Z202500388
Z202500388_액션캠,LGU+,너겟65 (액션캠),스마트기기,액션캠,,,18700,0,True,프리미엄플러스(택1),"정가 18,700원 중 월 0원 부담",https://www.lguplus.com/mobile/plan/mplan/direct/nerget/Z202500388
Z202500388_액션캠,LGU+,너겟65 (액션캠),멤버십,24개월간 VIP 등급,,,,,False,,,https://www.lguplus.com/mobile/plan/mplan/direct/nerget/Z202500388
Z202500388_액션캠,LGU+,너겟65 (액션캠),스마트기기,"1대 월정액 할인 (최대 11,000원)",,,,,False,,,https://www.lguplus.com/mobile/plan/mplan/direct/nerget/Z202500388
Z202500388_액션캠,LGU+,너겟65 (액션캠),추가데이터,테더링+쉐어링 80GB,,,,,False,,,https://www.lguplus.com/mobile/plan/mplan/direct/nerget/Z202500388
Z202500388_마니아디바이스,LGU+,너겟65 (마니아디바이스),스마트기기,마니아디바이스,,,22040,0,True,프리미엄플러스(택1),"정가 22,040원 중 월 0원 부담",https://www.lguplus.com/mobile/plan/mplan/direct/nerget/Z202500388
Z202500388_마니아디바이스,LGU+,너겟65 (마니아디바이스),멤버십,24개월간 VIP 등급,,,,,False,,,https://www.lguplus.com/mobile/plan/mplan/direct/nerget/Z202500388
Z202500388_마니아디바이스,LGU+,너겟65 (마니아디바이스),스마트기기,"1대 월정액 할인 (최대 11,000원)",,,,,False,,,https://www.lguplus.com/mobile/plan/mplan/direct/nerget/Z202500388
Z202500388_마니아디바이스,LGU+,너겟65 (마니아디바이스),추가데이터,테더링+쉐어링 80GB,,,,,False,,,https://www.lguplus.com/mobile/plan/mplan/direct/nerget/Z202500388
Z202502881_데일리,LGU+,너겟59 (데일리),OTT/구독,데일리,데일리플러스,,0,0,True,프리미엄플러스(택1),정가 0원 중 월 0원 부담,https://www.lguplus.com/mobile/plan/mplan/direct/nerget/Z202502881
Z202502881_데일리,LGU+,너겟59 (데일리),멤버십,24개월간 VIP 등급,,,,,False,,,https://www.lguplus.com/mobile/plan/mplan/direct/nerget/Z202502881
Z202502881_데일리,LGU+,너겟59 (데일리),추가데이터,테더링+쉐어링 70GB,,,,,False,,,https://www.lguplus.com/mobile/plan/mplan/direct/nerget/Z202502881
Z202502881_AI 구독,LGU+,너겟59 (AI 구독),OTT/구독,AI 구독,Google AI,,23900,0,True,프리미엄플러스(택1),"정가 23,900원 중 월 0원 부담",https://www.lguplus.com/mobile/plan/mplan/direct/nerget/Z202502881
Z202502881_AI 구독,LGU+,너겟59 (AI 구독),멤버십,24개월간 VIP 등급,,,,,False,,,https://www.lguplus.com/mobile/plan/mplan/direct/nerget/Z202502881
Z202502881_AI 구독,LGU+,너겟59 (AI 구독),추가데이터,테더링+쉐어링 70GB,,,,,False,,,https://www.lguplus.com/mobile/plan/mplan/direct/nerget/Z202502881
Z202502881_구글 원,LGU+,너겟59 (구글 원),OTT/구독,구글 원,구글 원,,29000,10000,True,프리미엄플러스(택1),"정가 29,000원 중 월 10,000원 부담",https://www.lguplus.com/mobile/plan/mplan/direct/nerget/Z202502881
Z202502881_구글 원,LGU+,너겟59 (구글 원),멤버십,24개월간 VIP 등급,,,,,False,,,https://www.lguplus.com/mobile/plan/mplan/direct/nerget/Z202502881
Z202502881_구글 원,LGU+,너겟59 (구글 원),추가데이터,테더링+쉐어링 70GB,,,,,False,,,https://www.lguplus.com/mobile/plan/mplan/direct/nerget/Z202502881
Z202502881_올인원,LGU+,너겟59 (올인원),기타,올인원,,,19800,0,True,프리미엄플러스(택1),"정가 19,800원 중 월 0원 부담",https://www.lguplus.com/mobile/plan/mplan/direct/nerget/Z202502881
Z202502881_올인원,LGU+,너겟59 (올인원),멤버십,24개월간 VIP 등급,,,,,False,,,https://www.lguplus.com/mobile/plan/mplan/direct/nerget/Z202502881
Z202502881_올인원,LGU+,너겟59 (올인원),추가데이터,테더링+쉐어링 70GB,,,,,False,,,https://www.lguplus.com/mobile/plan/mplan/direct/nerget/Z202502881
Z202502881_소호,LGU+,너겟59 (소호),기타,소호,,,18700,0,True,프리미엄플러스(택1),"정가 18,700원 중 월 0원 부담",https://www.lguplus.com/mobile/plan/mplan/direct/nerget/Z202502881
Z202502881_소호,LGU+,너겟59 (소호),멤버십,24개월간 VIP 등급,,,,,False,,,https://www.lguplus.com/mobile/plan/mplan/direct/nerget/Z202502881
Z202502881_소호,LGU+,너겟59 (소호),추가데이터,테더링+쉐어링 70GB,,,,,False,,,https://www.lguplus.com/mobile/plan/mplan/direct/nerget/Z202502881
Z202502881_넷플릭스,LGU+,너겟59 (넷플릭스),OTT/구독,넷플릭스,넷플릭스,,17000,10000,True,프리미엄플러스(택1),"정가 17,000원 중 월 10,000원 부담",https://www.lguplus.com/mobile/plan/mplan/direct/nerget/Z202502881
Z202502881_넷플릭스,LGU+,너겟59 (넷플릭스),멤버십,24개월간 VIP 등급,,,,,False,,,https://www.lguplus.com/mobile/plan/mplan/direct/nerget/Z202502881
Z202502881_넷플릭스,LGU+,너겟59 (넷플릭스),추가데이터,테더링+쉐어링 70GB,,,,,False,,,https://www.lguplus.com/mobile/plan/mplan/direct/nerget/Z202502881
Z202502881_삼성디바이스,LGU+,너겟59 (삼성디바이스),스마트기기,삼성디바이스,삼성 디바이스,,9080,0,True,프리미엄플러스(택1),"정가 9,080원 중 월 0원 부담",https://www.lguplus.com/mobile/plan/mplan/direct/nerget/Z202502881
Z202502881_삼성디바이스,LGU+,너겟59 (삼성디바이스),멤버십,24개월간 VIP 등급,,,,,False,,,https://www.lguplus.com/mobile/plan/mplan/direct/nerget/Z202502881
Z202502881_삼성디바이스,LGU+,너겟59 (삼성디바이스),추가데이터,테더링+쉐어링 70GB,,,,,False,,,https://www.lguplus.com/mobile/plan/mplan/direct/nerget/Z202502881
Z202502881_애플디바이스,LGU+,너겟59 (애플디바이스),스마트기기,애플디바이스,애플 디바이스,,7750,0,True,프리미엄플러스(택1),"정가 7,750원 중 월 0원 부담",https://www.lguplus.com/mobile/plan/mplan/direct/nerget/Z202502881
Z202502881_애플디바이스,LGU+,너겟59 (애플디바이스),멤버십,24개월간 VIP 등급,,,,,False,,,https://www.lguplus.com/mobile/plan/mplan/direct/nerget/Z202502881
Z202502881_애플디바이스,LGU+,너겟59 (애플디바이스),추가데이터,테더링+쉐어링 70GB,,,,,False,,,https://www.lguplus.com/mobile/plan/mplan/direct/nerget/Z202502881
Z202502881_마니아디바이스,LGU+,너겟59 (마니아디바이스),스마트기기,마니아디바이스,,,16400,0,True,프리미엄플러스(택1),"정가 16,400원 중 월 0원 부담",https://www.lguplus.com/mobile/plan/mplan/direct/nerget/Z202502881
Z202502881_마니아디바이스,LGU+,너겟59 (마니아디바이스),멤버십,24개월간 VIP 등급,,,,,False,,,https://www.lguplus.com/mobile/plan/mplan/direct/nerget/Z202502881
Z202502881_마니아디바이스,LGU+,너겟59 (마니아디바이스),추가데이터,테더링+쉐어링 70GB,,,,,False,,,https://www.lguplus.com/mobile/plan/mplan/direct/nerget/Z202502881
Z202505200_디즈니+ & 티빙,LGU+,너겟69 (디즈니+ & 티빙),OTT/구독,디즈니+ & 티빙,디즈니+,,19400,0,True,프리미엄플러스(택1),"정가 19,400원 중 월 0원 부담",https://www.lguplus.com/mobile/plan/mplan/direct/nerget/Z202505200
Z202505200_디즈니+ & 티빙,LGU+,너겟69 (디즈니+ & 티빙),멤버십,24개월간 VIP 등급,,,,,False,,,https://www.lguplus.com/mobile/plan/mplan/direct/nerget/Z202505200
Z202505200_디즈니+ & 티빙,LGU+,너겟69 (디즈니+ & 티빙),스마트기기,"2대 월정액 할인 (최대 22,000원)",,,,,False,,,https://www.lguplus.com/mobile/plan/mplan/direct/nerget/Z202505200
Z202505200_디즈니+ & 티빙,LGU+,너겟69 (디즈니+ & 티빙),OTT/구독,구글원,구글 원,,,,True,데일리플러스(택1),,https://www.lguplus.com/mobile/plan/mplan/direct/nerget/Z202505200
Z202505200_디즈니+ & 티빙,LGU+,너겟69 (디즈니+ & 티빙),기타,모아진,,,,,True,데일리플러스(택1),,https://www.lguplus.com/mobile/plan/mplan/direct/nerget/Z202505200
Z202505200_디즈니+ & 티빙,LGU+,너겟69 (디즈니+ & 티빙),기타,교보문고 sam,,,,,True,데일리플러스(택1),,https://www.lguplus.com/mobile/plan/mplan/direct/nerget/Z202505200
Z202505200_디즈니+ & 티빙,LGU+,너겟69 (디즈니+ & 티빙),OTT/구독,지니뮤직,지니뮤직,,,,True,데일리플러스(택1),,https://www.lguplus.com/mobile/plan/mplan/direct/nerget/Z202505200
Z202505200_디즈니+ & 티빙,LGU+,너겟69 (디즈니+ & 티빙),OTT/구독,밀리의 서재,밀리의서재,,,,True,데일리플러스(택1),,https://www.lguplus.com/mobile/plan/mplan/direct/nerget/Z202505200
Z202505200_디즈니+ & 티빙,LGU+,너겟69 (디즈니+ & 티빙),추가데이터,테더링+쉐어링 100GB,,,,,False,,,https://www.lguplus.com/mobile/plan/mplan/direct/nerget/Z202505200
Z202505200_데일리,LGU+,너겟69 (데일리),OTT/구독,데일리,데일리플러스,,0,0,True,프리미엄플러스(택1),정가 0원 중 월 0원 부담,https://www.lguplus.com/mobile/plan/mplan/direct/nerget/Z202505200
Z202505200_데일리,LGU+,너겟69 (데일리),멤버십,24개월간 VIP 등급,,,,,False,,,https://www.lguplus.com/mobile/plan/mplan/direct/nerget/Z202505200
Z202505200_데일리,LGU+,너겟69 (데일리),스마트기기,"2대 월정액 할인 (최대 22,000원)",,,,,False,,,https://www.lguplus.com/mobile/plan/mplan/direct/nerget/Z202505200
Z202505200_데일리,LGU+,너겟69 (데일리),OTT/구독,구글원,구글 원,,,,True,데일리플러스(택1),,https://www.lguplus.com/mobile/plan/mplan/direct/nerget/Z202505200
Z202505200_데일리,LGU+,너겟69 (데일리),기타,모아진,,,,,True,데일리플러스(택1),,https://www.lguplus.com/mobile/plan/mplan/direct/nerget/Z202505200
Z202505200_데일리,LGU+,너겟69 (데일리),기타,교보문고 sam,,,,,True,데일리플러스(택1),,https://www.lguplus.com/mobile/plan/mplan/direct/nerget/Z202505200
Z202505200_데일리,LGU+,너겟69 (데일리),OTT/구독,지니뮤직,지니뮤직,,,,True,데일리플러스(택1),,https://www.lguplus.com/mobile/plan/mplan/direct/nerget/Z202505200
Z202505200_데일리,LGU+,너겟69 (데일리),OTT/구독,밀리의 서재,밀리의서재,,,,True,데일리플러스(택1),,https://www.lguplus.com/mobile/plan/mplan/direct/nerget/Z202505200
Z202505200_데일리,LGU+,너겟69 (데일리),추가데이터,테더링+쉐어링 100GB,,,,,False,,,https://www.lguplus.com/mobile/plan/mplan/direct/nerget/Z202505200
Z202505200_AI 구독,LGU+,너겟69 (AI 구독),OTT/구독,AI 구독,Google AI,,52900,0,True,프리미엄플러스(택1),"정가 52,900원 중 월 0원 부담",https://www.lguplus.com/mobile/plan/mplan/direct/nerget/Z202505200
Z202505200_AI 구독,LGU+,너겟69 (AI 구독),멤버십,24개월간 VIP 등급,,,,,False,,,https://www.lguplus.com/mobile/plan/mplan/direct/nerget/Z202505200
Z202505200_AI 구독,LGU+,너겟69 (AI 구독),스마트기기,"2대 월정액 할인 (최대 22,000원)",,,,,False,,,https://www.lguplus.com/mobile/plan/mplan/direct/nerget/Z202505200
Z202505200_AI 구독,LGU+,너겟69 (AI 구독),OTT/구독,구글원,구글 원,,,,True,데일리플러스(택1),,https://www.lguplus.com/mobile/plan/mplan/direct/nerget/Z202505200
Z202505200_AI 구독,LGU+,너겟69 (AI 구독),기타,모아진,,,,,True,데일리플러스(택1),,https://www.lguplus.com/mobile/plan/mplan/direct/nerget/Z202505200
Z202505200_AI 구독,LGU+,너겟69 (AI 구독),기타,교보문고 sam,,,,,True,데일리플러스(택1),,https://www.lguplus.com/mobile/plan/mplan/direct/nerget/Z202505200
Z202505200_AI 구독,LGU+,너겟69 (AI 구독),OTT/구독,지니뮤직,지니뮤직,,,,True,데일리플러스(택1),,https://www.lguplus.com/mobile/plan/mplan/direct/nerget/Z202505200
Z202505200_AI 구독,LGU+,너겟69 (AI 구독),OTT/구독,밀리의 서재,밀리의서재,,,,True,데일리플러스(택1),,https://www.lguplus.com/mobile/plan/mplan/direct/nerget/Z202505200
Z202505200_AI 구독,LGU+,너겟69 (AI 구독),추가데이터,테더링+쉐어링 100GB,,,,,False,,,https://www.lguplus.com/mobile/plan/mplan/direct/nerget/Z202505200
Z202505200_구글 원,LGU+,너겟69 (구글 원),OTT/구독,구글 원,구글 원,,29000,0,True,프리미엄플러스(택1),"정가 29,000원 중 월 0원 부담",https://www.lguplus.com/mobile/plan/mplan/direct/nerget/Z202505200
Z202505200_구글 원,LGU+,너겟69 (구글 원),멤버십,24개월간 VIP 등급,,,,,False,,,https://www.lguplus.com/mobile/plan/mplan/direct/nerget/Z202505200
Z202505200_구글 원,LGU+,너겟69 (구글 원),스마트기기,"2대 월정액 할인 (최대 22,000원)",,,,,False,,,https://www.lguplus.com/mobile/plan/mplan/direct/nerget/Z202505200
Z202505200_구글 원,LGU+,너겟69 (구글 원),OTT/구독,구글원,구글 원,,,,True,데일리플러스(택1),,https://www.lguplus.com/mobile/plan/mplan/direct/nerget/Z202505200
Z202505200_구글 원,LGU+,너겟69 (구글 원),기타,모아진,,,,,True,데일리플러스(택1),,https://www.lguplus.com/mobile/plan/mplan/direct/nerget/Z202505200
Z202505200_구글 원,LGU+,너겟69 (구글 원),기타,교보문고 sam,,,,,True,데일리플러스(택1),,https://www.lguplus.com/mobile/plan/mplan/direct/nerget/Z202505200
Z202505200_구글 원,LGU+,너겟69 (구글 원),OTT/구독,지니뮤직,지니뮤직,,,,True,데일리플러스(택1),,https://www.lguplus.com/mobile/plan/mplan/direct/nerget/Z202505200
Z202505200_구글 원,LGU+,너겟69 (구글 원),OTT/구독,밀리의 서재,밀리의서재,,,,True,데일리플러스(택1),,https://www.lguplus.com/mobile/plan/mplan/direct/nerget/Z202505200
Z202505200_구글 원,LGU+,너겟69 (구글 원),추가데이터,테더링+쉐어링 100GB,,,,,False,,,https://www.lguplus.com/mobile/plan/mplan/direct/nerget/Z202505200
Z202505200_올인원,LGU+,너겟69 (올인원),기타,올인원,,,26400,0,True,프리미엄플러스(택1),"정가 26,400원 중 월 0원 부담",https://www.lguplus.com/mobile/plan/mplan/direct/nerget/Z202505200
Z202505200_올인원,LGU+,너겟69 (올인원),멤버십,24개월간 VIP 등급,,,,,False,,,https://www.lguplus.com/mobile/plan/mplan/direct/nerget/Z202505200
Z202505200_올인원,LGU+,너겟69 (올인원),스마트기기,"2대 월정액 할인 (최대 22,000원)",,,,,False,,,https://www.lguplus.com/mobile/plan/mplan/direct/nerget/Z202505200
Z202505200_올인원,LGU+,너겟69 (올인원),OTT/구독,구글원,구글 원,,,,True,데일리플러스(택1),,https://www.lguplus.com/mobile/plan/mplan/direct/nerget/Z202505200
Z202505200_올인원,LGU+,너겟69 (올인원),기타,모아진,,,,,True,데일리플러스(택1),,https://www.lguplus.com/mobile/plan/mplan/direct/nerget/Z202505200
Z202505200_올인원,LGU+,너겟69 (올인원),기타,교보문고 sam,,,,,True,데일리플러스(택1),,https://www.lguplus.com/mobile/plan/mplan/direct/nerget/Z202505200
Z202505200_올인원,LGU+,너겟69 (올인원),OTT/구독,지니뮤직,지니뮤직,,,,True,데일리플러스(택1),,https://www.lguplus.com/mobile/plan/mplan/direct/nerget/Z202505200
Z202505200_올인원,LGU+,너겟69 (올인원),OTT/구독,밀리의 서재,밀리의서재,,,,True,데일리플러스(택1),,https://www.lguplus.com/mobile/plan/mplan/direct/nerget/Z202505200
Z202505200_올인원,LGU+,너겟69 (올인원),추가데이터,테더링+쉐어링 100GB,,,,,False,,,https://www.lguplus.com/mobile/plan/mplan/direct/nerget/Z202505200
Z202505200_소호,LGU+,너겟69 (소호),기타,소호,,,24200,0,True,프리미엄플러스(택1),"정가 24,200원 중 월 0원 부담",https://www.lguplus.com/mobile/plan/mplan/direct/nerget/Z202505200
Z202505200_소호,LGU+,너겟69 (소호),멤버십,24개월간 VIP 등급,,,,,False,,,https://www.lguplus.com/mobile/plan/mplan/direct/nerget/Z202505200
Z202505200_소호,LGU+,너겟69 (소호),스마트기기,"2대 월정액 할인 (최대 22,000원)",,,,,False,,,https://www.lguplus.com/mobile/plan/mplan/direct/nerget/Z202505200
Z202505200_소호,LGU+,너겟69 (소호),OTT/구독,구글원,구글 원,,,,True,데일리플러스(택1),,https://www.lguplus.com/mobile/plan/mplan/direct/nerget/Z202505200
Z202505200_소호,LGU+,너겟69 (소호),기타,모아진,,,,,True,데일리플러스(택1),,https://www.lguplus.com/mobile/plan/mplan/direct/nerget/Z202505200
Z202505200_소호,LGU+,너겟69 (소호),기타,교보문고 sam,,,,,True,데일리플러스(택1),,https://www.lguplus.com/mobile/plan/mplan/direct/nerget/Z202505200
Z202505200_소호,LGU+,너겟69 (소호),OTT/구독,지니뮤직,지니뮤직,,,,True,데일리플러스(택1),,https://www.lguplus.com/mobile/plan/mplan/direct/nerget/Z202505200
Z202505200_소호,LGU+,너겟69 (소호),OTT/구독,밀리의 서재,밀리의서재,,,,True,데일리플러스(택1),,https://www.lguplus.com/mobile/plan/mplan/direct/nerget/Z202505200
Z202505200_소호,LGU+,너겟69 (소호),추가데이터,테더링+쉐어링 100GB,,,,,False,,,https://www.lguplus.com/mobile/plan/mplan/direct/nerget/Z202505200
Z202505200_넷플릭스,LGU+,너겟69 (넷플릭스),OTT/구독,넷플릭스,넷플릭스,,17000,0,True,프리미엄플러스(택1),"정가 17,000원 중 월 0원 부담",https://www.lguplus.com/mobile/plan/mplan/direct/nerget/Z202505200
Z202505200_넷플릭스,LGU+,너겟69 (넷플릭스),멤버십,24개월간 VIP 등급,,,,,False,,,https://www.lguplus.com/mobile/plan/mplan/direct/nerget/Z202505200
Z202505200_넷플릭스,LGU+,너겟69 (넷플릭스),스마트기기,"2대 월정액 할인 (최대 22,000원)",,,,,False,,,https://www.lguplus.com/mobile/plan/mplan/direct/nerget/Z202505200
Z202505200_넷플릭스,LGU+,너겟69 (넷플릭스),OTT/구독,구글원,구글 원,,,,True,데일리플러스(택1),,https://www.lguplus.com/mobile/plan/mplan/direct/nerget/Z202505200
Z202505200_넷플릭스,LGU+,너겟69 (넷플릭스),기타,모아진,,,,,True,데일리플러스(택1),,https://www.lguplus.com/mobile/plan/mplan/direct/nerget/Z202505200
Z202505200_넷플릭스,LGU+,너겟69 (넷플릭스),기타,교보문고 sam,,,,,True,데일리플러스(택1),,https://www.lguplus.com/mobile/plan/mplan/direct/nerget/Z202505200
Z202505200_넷플릭스,LGU+,너겟69 (넷플릭스),OTT/구독,지니뮤직,지니뮤직,,,,True,데일리플러스(택1),,https://www.lguplus.com/mobile/plan/mplan/direct/nerget/Z202505200
Z202505200_넷플릭스,LGU+,너겟69 (넷플릭스),OTT/구독,밀리의 서재,밀리의서재,,,,True,데일리플러스(택1),,https://www.lguplus.com/mobile/plan/mplan/direct/nerget/Z202505200
Z202505200_넷플릭스,LGU+,너겟69 (넷플릭스),추가데이터,테더링+쉐어링 100GB,,,,,False,,,https://www.lguplus.com/mobile/plan/mplan/direct/nerget/Z202505200
Z202505200_이마트24,LGU+,너겟69 (이마트24),기타,이마트24,,,36000,0,True,프리미엄플러스(택1),"정가 36,000원 중 월 0원 부담",https://www.lguplus.com/mobile/plan/mplan/direct/nerget/Z202505200
Z202505200_이마트24,LGU+,너겟69 (이마트24),멤버십,24개월간 VIP 등급,,,,,False,,,https://www.lguplus.com/mobile/plan/mplan/direct/nerget/Z202505200
Z202505200_이마트24,LGU+,너겟69 (이마트24),스마트기기,"2대 월정액 할인 (최대 22,000원)",,,,,False,,,https://www.lguplus.com/mobile/plan/mplan/direct/nerget/Z202505200
Z202505200_이마트24,LGU+,너겟69 (이마트24),OTT/구독,구글원,구글 원,,,,True,데일리플러스(택1),,https://www.lguplus.com/mobile/plan/mplan/direct/nerget/Z202505200
Z202505200_이마트24,LGU+,너겟69 (이마트24),기타,모아진,,,,,True,데일리플러스(택1),,https://www.lguplus.com/mobile/plan/mplan/direct/nerget/Z202505200
Z202505200_이마트24,LGU+,너겟69 (이마트24),기타,교보문고 sam,,,,,True,데일리플러스(택1),,https://www.lguplus.com/mobile/plan/mplan/direct/nerget/Z202505200
Z202505200_이마트24,LGU+,너겟69 (이마트24),OTT/구독,지니뮤직,지니뮤직,,,,True,데일리플러스(택1),,https://www.lguplus.com/mobile/plan/mplan/direct/nerget/Z202505200
Z202505200_이마트24,LGU+,너겟69 (이마트24),OTT/구독,밀리의 서재,밀리의서재,,,,True,데일리플러스(택1),,https://www.lguplus.com/mobile/plan/mplan/direct/nerget/Z202505200
Z202505200_이마트24,LGU+,너겟69 (이마트24),추가데이터,테더링+쉐어링 100GB,,,,,False,,,https://www.lguplus.com/mobile/plan/mplan/direct/nerget/Z202505200
Z202505200_삼성디바이스,LGU+,너겟69 (삼성디바이스),스마트기기,삼성디바이스,삼성 디바이스,,14580,0,True,프리미엄플러스(택1),"정가 14,580원 중 월 0원 부담",https://www.lguplus.com/mobile/plan/mplan/direct/nerget/Z202505200
Z202505200_삼성디바이스,LGU+,너겟69 (삼성디바이스),멤버십,24개월간 VIP 등급,,,,,False,,,https://www.lguplus.com/mobile/plan/mplan/direct/nerget/Z202505200
Z202505200_삼성디바이스,LGU+,너겟69 (삼성디바이스),스마트기기,"2대 월정액 할인 (최대 22,000원)",,,,,False,,,https://www.lguplus.com/mobile/plan/mplan/direct/nerget/Z202505200
Z202505200_삼성디바이스,LGU+,너겟69 (삼성디바이스),OTT/구독,구글원,구글 원,,,,True,데일리플러스(택1),,https://www.lguplus.com/mobile/plan/mplan/direct/nerget/Z202505200
Z202505200_삼성디바이스,LGU+,너겟69 (삼성디바이스),기타,모아진,,,,,True,데일리플러스(택1),,https://www.lguplus.com/mobile/plan/mplan/direct/nerget/Z202505200
Z202505200_삼성디바이스,LGU+,너겟69 (삼성디바이스),기타,교보문고 sam,,,,,True,데일리플러스(택1),,https://www.lguplus.com/mobile/plan/mplan/direct/nerget/Z202505200
Z202505200_삼성디바이스,LGU+,너겟69 (삼성디바이스),OTT/구독,지니뮤직,지니뮤직,,,,True,데일리플러스(택1),,https://www.lguplus.com/mobile/plan/mplan/direct/nerget/Z202505200
Z202505200_삼성디바이스,LGU+,너겟69 (삼성디바이스),OTT/구독,밀리의 서재,밀리의서재,,,,True,데일리플러스(택1),,https://www.lguplus.com/mobile/plan/mplan/direct/nerget/Z202505200
Z202505200_삼성디바이스,LGU+,너겟69 (삼성디바이스),추가데이터,테더링+쉐어링 100GB,,,,,False,,,https://www.lguplus.com/mobile/plan/mplan/direct/nerget/Z202505200
Z202505200_애플디바이스,LGU+,너겟69 (애플디바이스),스마트기기,애플디바이스,애플 디바이스,,14360,0,True,프리미엄플러스(택1),"정가 14,360원 중 월 0원 부담",https://www.lguplus.com/mobile/plan/mplan/direct/nerget/Z202505200
Z202505200_애플디바이스,LGU+,너겟69 (애플디바이스),멤버십,24개월간 VIP 등급,,,,,False,,,https://www.lguplus.com/mobile/plan/mplan/direct/nerget/Z202505200
Z202505200_애플디바이스,LGU+,너겟69 (애플디바이스),스마트기기,"2대 월정액 할인 (최대 22,000원)",,,,,False,,,https://www.lguplus.com/mobile/plan/mplan/direct/nerget/Z202505200
Z202505200_애플디바이스,LGU+,너겟69 (애플디바이스),OTT/구독,구글원,구글 원,,,,True,데일리플러스(택1),,https://www.lguplus.com/mobile/plan/mplan/direct/nerget/Z202505200
Z202505200_애플디바이스,LGU+,너겟69 (애플디바이스),기타,모아진,,,,,True,데일리플러스(택1),,https://www.lguplus.com/mobile/plan/mplan/direct/nerget/Z202505200
Z202505200_애플디바이스,LGU+,너겟69 (애플디바이스),기타,교보문고 sam,,,,,True,데일리플러스(택1),,https://www.lguplus.com/mobile/plan/mplan/direct/nerget/Z202505200
Z202505200_애플디바이스,LGU+,너겟69 (애플디바이스),OTT/구독,지니뮤직,지니뮤직,,,,True,데일리플러스(택1),,https://www.lguplus.com/mobile/plan/mplan/direct/nerget/Z202505200
Z202505200_애플디바이스,LGU+,너겟69 (애플디바이스),OTT/구독,밀리의 서재,밀리의서재,,,,True,데일리플러스(택1),,https://www.lguplus.com/mobile/plan/mplan/direct/nerget/Z202505200
Z202505200_애플디바이스,LGU+,너겟69 (애플디바이스),추가데이터,테더링+쉐어링 100GB,,,,,False,,,https://www.lguplus.com/mobile/plan/mplan/direct/nerget/Z202505200
Z202505200_액션캠,LGU+,너겟69 (액션캠),스마트기기,액션캠,,,18700,0,True,프리미엄플러스(택1),"정가 18,700원 중 월 0원 부담",https://www.lguplus.com/mobile/plan/mplan/direct/nerget/Z202505200
Z202505200_액션캠,LGU+,너겟69 (액션캠),멤버십,24개월간 VIP 등급,,,,,False,,,https://www.lguplus.com/mobile/plan/mplan/direct/nerget/Z202505200
Z202505200_액션캠,LGU+,너겟69 (액션캠),스마트기기,"2대 월정액 할인 (최대 22,000원)",,,,,False,,,https://www.lguplus.com/mobile/plan/mplan/direct/nerget/Z202505200
Z202505200_액션캠,LGU+,너겟69 (액션캠),OTT/구독,구글원,구글 원,,,,True,데일리플러스(택1),,https://www.lguplus.com/mobile/plan/mplan/direct/nerget/Z202505200
Z202505200_액션캠,LGU+,너겟69 (액션캠),기타,모아진,,,,,True,데일리플러스(택1),,https://www.lguplus.com/mobile/plan/mplan/direct/nerget/Z202505200
Z202505200_액션캠,LGU+,너겟69 (액션캠),기타,교보문고 sam,,,,,True,데일리플러스(택1),,https://www.lguplus.com/mobile/plan/mplan/direct/nerget/Z202505200
Z202505200_액션캠,LGU+,너겟69 (액션캠),OTT/구독,지니뮤직,지니뮤직,,,,True,데일리플러스(택1),,https://www.lguplus.com/mobile/plan/mplan/direct/nerget/Z202505200
Z202505200_액션캠,LGU+,너겟69 (액션캠),OTT/구독,밀리의 서재,밀리의서재,,,,True,데일리플러스(택1),,https://www.lguplus.com/mobile/plan/mplan/direct/nerget/Z202505200
Z202505200_액션캠,LGU+,너겟69 (액션캠),추가데이터,테더링+쉐어링 100GB,,,,,False,,,https://www.lguplus.com/mobile/plan/mplan/direct/nerget/Z202505200
Z202505200_마니아디바이스,LGU+,너겟69 (마니아디바이스),스마트기기,마니아디바이스,,,22040,0,True,프리미엄플러스(택1),"정가 22,040원 중 월 0원 부담",https://www.lguplus.com/mobile/plan/mplan/direct/nerget/Z202505200
Z202505200_마니아디바이스,LGU+,너겟69 (마니아디바이스),멤버십,24개월간 VIP 등급,,,,,False,,,https://www.lguplus.com/mobile/plan/mplan/direct/nerget/Z202505200
Z202505200_마니아디바이스,LGU+,너겟69 (마니아디바이스),스마트기기,"2대 월정액 할인 (최대 22,000원)",,,,,False,,,https://www.lguplus.com/mobile/plan/mplan/direct/nerget/Z202505200
Z202505200_마니아디바이스,LGU+,너겟69 (마니아디바이스),OTT/구독,구글원,구글 원,,,,True,데일리플러스(택1),,https://www.lguplus.com/mobile/plan/mplan/direct/nerget/Z202505200
Z202505200_마니아디바이스,LGU+,너겟69 (마니아디바이스),기타,모아진,,,,,True,데일리플러스(택1),,https://www.lguplus.com/mobile/plan/mplan/direct/nerget/Z202505200
Z202505200_마니아디바이스,LGU+,너겟69 (마니아디바이스),기타,교보문고 sam,,,,,True,데일리플러스(택1),,https://www.lguplus.com/mobile/plan/mplan/direct/nerget/Z202505200
Z202505200_마니아디바이스,LGU+,너겟69 (마니아디바이스),OTT/구독,지니뮤직,지니뮤직,,,,True,데일리플러스(택1),,https://www.lguplus.com/mobile/plan/mplan/direct/nerget/Z202505200
Z202505200_마니아디바이스,LGU+,너겟69 (마니아디바이스),OTT/구독,밀리의 서재,밀리의서재,,,,True,데일리플러스(택1),,https://www.lguplus.com/mobile/plan/mplan/direct/nerget/Z202505200
Z202505200_마니아디바이스,LGU+,너겟69 (마니아디바이스),추가데이터,테더링+쉐어링 100GB,,,,,False,,,https://www.lguplus.com/mobile/plan/mplan/direct/nerget/Z202505200
Z202607508_구글원,LGU+,너겟75 (구글원),OTT/구독,구글원,구글 원,,,,True,데일리플러스(택1),,https://www.lguplus.com/mobile/plan/mplan/direct/nerget/Z202607508
Z202607508_구글원,LGU+,너겟75 (구글원),스마트기기,삼성디바이스,삼성 디바이스,,0,0,True,프리미엄플러스(택1),정가 0원 중 월 0원 부담,https://www.lguplus.com/mobile/plan/mplan/direct/nerget/Z202607508
Z202607508_구글원,LGU+,너겟75 (구글원),멤버십,VIP 등급,,,,,False,,,https://www.lguplus.com/mobile/plan/mplan/direct/nerget/Z202607508
Z202607508_구글원,LGU+,너겟75 (구글원),스마트기기,"2대 월정액 할인 (최대 33,000원)",,,,,False,,,https://www.lguplus.com/mobile/plan/mplan/direct/nerget/Z202607508
Z202607508_구글원,LGU+,너겟75 (구글원),추가데이터,테더링+쉐어링 100GB,,,,,False,,,https://www.lguplus.com/mobile/plan/mplan/direct/nerget/Z202607508
Z202607508_구글원,LGU+,너겟75 (구글원),추가데이터,참 쉬운 가족 데이터 50GB,,,,,False,,,https://www.lguplus.com/mobile/plan/mplan/direct/nerget/Z202607508
Z202607508_모아진,LGU+,너겟75 (모아진),기타,모아진,,,,,True,데일리플러스(택1),,https://www.lguplus.com/mobile/plan/mplan/direct/nerget/Z202607508
Z202607508_모아진,LGU+,너겟75 (모아진),스마트기기,삼성디바이스,삼성 디바이스,,0,0,True,프리미엄플러스(택1),정가 0원 중 월 0원 부담,https://www.lguplus.com/mobile/plan/mplan/direct/nerget/Z202607508
Z202607508_모아진,LGU+,너겟75 (모아진),멤버십,VIP 등급,,,,,False,,,https://www.lguplus.com/mobile/plan/mplan/direct/nerget/Z202607508
Z202607508_모아진,LGU+,너겟75 (모아진),스마트기기,"2대 월정액 할인 (최대 33,000원)",,,,,False,,,https://www.lguplus.com/mobile/plan/mplan/direct/nerget/Z202607508
Z202607508_모아진,LGU+,너겟75 (모아진),추가데이터,테더링+쉐어링 100GB,,,,,False,,,https://www.lguplus.com/mobile/plan/mplan/direct/nerget/Z202607508
Z202607508_모아진,LGU+,너겟75 (모아진),추가데이터,참 쉬운 가족 데이터 50GB,,,,,False,,,https://www.lguplus.com/mobile/plan/mplan/direct/nerget/Z202607508
Z202607508_교보문고 sam,LGU+,너겟75 (교보문고 sam),기타,교보문고 sam,,,,,True,데일리플러스(택1),,https://www.lguplus.com/mobile/plan/mplan/direct/nerget/Z202607508
Z202607508_교보문고 sam,LGU+,너겟75 (교보문고 sam),스마트기기,삼성디바이스,삼성 디바이스,,0,0,True,프리미엄플러스(택1),정가 0원 중 월 0원 부담,https://www.lguplus.com/mobile/plan/mplan/direct/nerget/Z202607508
Z202607508_교보문고 sam,LGU+,너겟75 (교보문고 sam),멤버십,VIP 등급,,,,,False,,,https://www.lguplus.com/mobile/plan/mplan/direct/nerget/Z202607508
Z202607508_교보문고 sam,LGU+,너겟75 (교보문고 sam),스마트기기,"2대 월정액 할인 (최대 33,000원)",,,,,False,,,https://www.lguplus.com/mobile/plan/mplan/direct/nerget/Z202607508
Z202607508_교보문고 sam,LGU+,너겟75 (교보문고 sam),추가데이터,테더링+쉐어링 100GB,,,,,False,,,https://www.lguplus.com/mobile/plan/mplan/direct/nerget/Z202607508
Z202607508_교보문고 sam,LGU+,너겟75 (교보문고 sam),추가데이터,참 쉬운 가족 데이터 50GB,,,,,False,,,https://www.lguplus.com/mobile/plan/mplan/direct/nerget/Z202607508
Z202607508_지니뮤직,LGU+,너겟75 (지니뮤직),OTT/구독,지니뮤직,지니뮤직,,,,True,데일리플러스(택1),,https://www.lguplus.com/mobile/plan/mplan/direct/nerget/Z202607508
Z202607508_지니뮤직,LGU+,너겟75 (지니뮤직),스마트기기,삼성디바이스,삼성 디바이스,,0,0,True,프리미엄플러스(택1),정가 0원 중 월 0원 부담,https://www.lguplus.com/mobile/plan/mplan/direct/nerget/Z202607508
Z202607508_지니뮤직,LGU+,너겟75 (지니뮤직),멤버십,VIP 등급,,,,,False,,,https://www.lguplus.com/mobile/plan/mplan/direct/nerget/Z202607508
Z202607508_지니뮤직,LGU+,너겟75 (지니뮤직),스마트기기,"2대 월정액 할인 (최대 33,000원)",,,,,False,,,https://www.lguplus.com/mobile/plan/mplan/direct/nerget/Z202607508
Z202607508_지니뮤직,LGU+,너겟75 (지니뮤직),추가데이터,테더링+쉐어링 100GB,,,,,False,,,https://www.lguplus.com/mobile/plan/mplan/direct/nerget/Z202607508
Z202607508_지니뮤직,LGU+,너겟75 (지니뮤직),추가데이터,참 쉬운 가족 데이터 50GB,,,,,False,,,https://www.lguplus.com/mobile/plan/mplan/direct/nerget/Z202607508
Z202607508_밀리의 서재,LGU+,너겟75 (밀리의 서재),OTT/구독,밀리의 서재,밀리의서재,,,,True,데일리플러스(택1),,https://www.lguplus.com/mobile/plan/mplan/direct/nerget/Z202607508
Z202607508_밀리의 서재,LGU+,너겟75 (밀리의 서재),스마트기기,삼성디바이스,삼성 디바이스,,0,0,True,프리미엄플러스(택1),정가 0원 중 월 0원 부담,https://www.lguplus.com/mobile/plan/mplan/direct/nerget/Z202607508
Z202607508_밀리의 서재,LGU+,너겟75 (밀리의 서재),멤버십,VIP 등급,,,,,False,,,https://www.lguplus.com/mobile/plan/mplan/direct/nerget/Z202607508
Z202607508_밀리의 서재,LGU+,너겟75 (밀리의 서재),스마트기기,"2대 월정액 할인 (최대 33,000원)",,,,,False,,,https://www.lguplus.com/mobile/plan/mplan/direct/nerget/Z202607508
Z202607508_밀리의 서재,LGU+,너겟75 (밀리의 서재),추가데이터,테더링+쉐어링 100GB,,,,,False,,,https://www.lguplus.com/mobile/plan/mplan/direct/nerget/Z202607508
Z202607508_밀리의 서재,LGU+,너겟75 (밀리의 서재),추가데이터,참 쉬운 가족 데이터 50GB,,,,,False,,,https://www.lguplus.com/mobile/plan/mplan/direct/nerget/Z202607508
LPZ1006509_구글원,LGU+,플러스플랜95 (구글원),OTT/구독,구글원,구글 원,,,,True,데일리플러스(택1),,https://www.lguplus.com/mobile/plan/mplan/5g-all/5g-unlimited/LPZ1006509
LPZ1006509_구글원,LGU+,플러스플랜95 (구글원),스마트기기,"1대 월정액 할인 (최대 11,000원)",,,,,False,,,https://www.lguplus.com/mobile/plan/mplan/5g-all/5g-unlimited/LPZ1006509
LPZ1006509_구글원,LGU+,플러스플랜95 (구글원),추가데이터,테더링+쉐어링 80GB,,,,,False,,,https://www.lguplus.com/mobile/plan/mplan/5g-all/5g-unlimited/LPZ1006509
LPZ1006509_모아진,LGU+,플러스플랜95 (모아진),기타,모아진,,,,,True,데일리플러스(택1),,https://www.lguplus.com/mobile/plan/mplan/5g-all/5g-unlimited/LPZ1006509
LPZ1006509_모아진,LGU+,플러스플랜95 (모아진),스마트기기,"1대 월정액 할인 (최대 11,000원)",,,,,False,,,https://www.lguplus.com/mobile/plan/mplan/5g-all/5g-unlimited/LPZ1006509
LPZ1006509_모아진,LGU+,플러스플랜95 (모아진),추가데이터,테더링+쉐어링 80GB,,,,,False,,,https://www.lguplus.com/mobile/plan/mplan/5g-all/5g-unlimited/LPZ1006509
LPZ1006509_교보문고 sam,LGU+,플러스플랜95 (교보문고 sam),기타,교보문고 sam,,,,,True,데일리플러스(택1),,https://www.lguplus.com/mobile/plan/mplan/5g-all/5g-unlimited/LPZ1006509
LPZ1006509_교보문고 sam,LGU+,플러스플랜95 (교보문고 sam),스마트기기,"1대 월정액 할인 (최대 11,000원)",,,,,False,,,https://www.lguplus.com/mobile/plan/mplan/5g-all/5g-unlimited/LPZ1006509
LPZ1006509_교보문고 sam,LGU+,플러스플랜95 (교보문고 sam),추가데이터,테더링+쉐어링 80GB,,,,,False,,,https://www.lguplus.com/mobile/plan/mplan/5g-all/5g-unlimited/LPZ1006509
LPZ1006509_지니뮤직,LGU+,플러스플랜95 (지니뮤직),OTT/구독,지니뮤직,지니뮤직,,,,True,데일리플러스(택1),,https://www.lguplus.com/mobile/plan/mplan/5g-all/5g-unlimited/LPZ1006509
LPZ1006509_지니뮤직,LGU+,플러스플랜95 (지니뮤직),스마트기기,"1대 월정액 할인 (최대 11,000원)",,,,,False,,,https://www.lguplus.com/mobile/plan/mplan/5g-all/5g-unlimited/LPZ1006509
LPZ1006509_지니뮤직,LGU+,플러스플랜95 (지니뮤직),추가데이터,테더링+쉐어링 80GB,,,,,False,,,https://www.lguplus.com/mobile/plan/mplan/5g-all/5g-unlimited/LPZ1006509
LPZ1006509_밀리의 서재,LGU+,플러스플랜95 (밀리의 서재),OTT/구독,밀리의 서재,밀리의서재,,,,True,데일리플러스(택1),,https://www.lguplus.com/mobile/plan/mplan/5g-all/5g-unlimited/LPZ1006509
LPZ1006509_밀리의 서재,LGU+,플러스플랜95 (밀리의 서재),스마트기기,"1대 월정액 할인 (최대 11,000원)",,,,,False,,,https://www.lguplus.com/mobile/plan/mplan/5g-all/5g-unlimited/LPZ1006509
LPZ1006509_밀리의 서재,LGU+,플러스플랜95 (밀리의 서재),추가데이터,테더링+쉐어링 80GB,,,,,False,,,https://www.lguplus.com/mobile/plan/mplan/5g-all/5g-unlimited/LPZ1006509
Z202205251_디즈니+,LGU+,플러스플랜115 (디즈니+),OTT/구독,디즈니+,디즈니+,,9900,0,True,프리미엄플러스(택1),"정가 9,900원 중 월 0원 부담",https://www.lguplus.com/mobile/plan/mplan/5g-all/5g-unlimited/Z202205251
Z202205251_디즈니+,LGU+,플러스플랜115 (디즈니+),멤버십,VVIP 등급,,,,,False,,,https://www.lguplus.com/mobile/plan/mplan/5g-all/5g-unlimited/Z202205251
Z202205251_디즈니+,LGU+,플러스플랜115 (디즈니+),스마트기기,"2대 월정액 할인(최대 33,000원)",,,,,False,,,https://www.lguplus.com/mobile/plan/mplan/5g-all/5g-unlimited/Z202205251
Z202205251_디즈니+,LGU+,플러스플랜115 (디즈니+),OTT/구독,구글원,구글 원,,,,True,데일리플러스(택1),,https://www.lguplus.com/mobile/plan/mplan/5g-all/5g-unlimited/Z202205251
Z202205251_디즈니+,LGU+,플러스플랜115 (디즈니+),기타,모아진,,,,,True,데일리플러스(택1),,https://www.lguplus.com/mobile/plan/mplan/5g-all/5g-unlimited/Z202205251
Z202205251_디즈니+,LGU+,플러스플랜115 (디즈니+),기타,교보문고 sam,,,,,True,데일리플러스(택1),,https://www.lguplus.com/mobile/plan/mplan/5g-all/5g-unlimited/Z202205251
Z202205251_디즈니+,LGU+,플러스플랜115 (디즈니+),OTT/구독,지니뮤직,지니뮤직,,,,True,데일리플러스(택1),,https://www.lguplus.com/mobile/plan/mplan/5g-all/5g-unlimited/Z202205251
Z202205251_디즈니+,LGU+,플러스플랜115 (디즈니+),OTT/구독,밀리의 서재,밀리의서재,,,,True,데일리플러스(택1),,https://www.lguplus.com/mobile/plan/mplan/5g-all/5g-unlimited/Z202205251
Z202205251_디즈니+,LGU+,플러스플랜115 (디즈니+),추가데이터,테더링+쉐어링 100GB,,,,,False,,,https://www.lguplus.com/mobile/plan/mplan/5g-all/5g-unlimited/Z202205251
Z202205251_디즈니+,LGU+,플러스플랜115 (디즈니+),추가데이터,참 쉬운 가족 데이터 50GB,,,,,False,,,https://www.lguplus.com/mobile/plan/mplan/5g-all/5g-unlimited/Z202205251
Z202205251_유튜브 프리미엄,LGU+,플러스플랜115 (유튜브 프리미엄),OTT/구독,유튜브 프리미엄,유튜브 프리미엄,,14900,4450,True,프리미엄플러스(택1),"정가 14,900원 중 월 4,450원 부담",https://www.lguplus.com/mobile/plan/mplan/5g-all/5g-unlimited/Z202205251
Z202205251_유튜브 프리미엄,LGU+,플러스플랜115 (유튜브 프리미엄),멤버십,VVIP 등급,,,,,False,,,https://www.lguplus.com/mobile/plan/mplan/5g-all/5g-unlimited/Z202205251
Z202205251_유튜브 프리미엄,LGU+,플러스플랜115 (유튜브 프리미엄),스마트기기,"2대 월정액 할인(최대 33,000원)",,,,,False,,,https://www.lguplus.com/mobile/plan/mplan/5g-all/5g-unlimited/Z202205251
Z202205251_유튜브 프리미엄,LGU+,플러스플랜115 (유튜브 프리미엄),OTT/구독,구글원,구글 원,,,,True,데일리플러스(택1),,https://www.lguplus.com/mobile/plan/mplan/5g-all/5g-unlimited/Z202205251
Z202205251_유튜브 프리미엄,LGU+,플러스플랜115 (유튜브 프리미엄),기타,모아진,,,,,True,데일리플러스(택1),,https://www.lguplus.com/mobile/plan/mplan/5g-all/5g-unlimited/Z202205251
Z202205251_유튜브 프리미엄,LGU+,플러스플랜115 (유튜브 프리미엄),기타,교보문고 sam,,,,,True,데일리플러스(택1),,https://www.lguplus.com/mobile/plan/mplan/5g-all/5g-unlimited/Z202205251
Z202205251_유튜브 프리미엄,LGU+,플러스플랜115 (유튜브 프리미엄),OTT/구독,지니뮤직,지니뮤직,,,,True,데일리플러스(택1),,https://www.lguplus.com/mobile/plan/mplan/5g-all/5g-unlimited/Z202205251
Z202205251_유튜브 프리미엄,LGU+,플러스플랜115 (유튜브 프리미엄),OTT/구독,밀리의 서재,밀리의서재,,,,True,데일리플러스(택1),,https://www.lguplus.com/mobile/plan/mplan/5g-all/5g-unlimited/Z202205251
Z202205251_유튜브 프리미엄,LGU+,플러스플랜115 (유튜브 프리미엄),추가데이터,테더링+쉐어링 100GB,,,,,False,,,https://www.lguplus.com/mobile/plan/mplan/5g-all/5g-unlimited/Z202205251
Z202205251_유튜브 프리미엄,LGU+,플러스플랜115 (유튜브 프리미엄),추가데이터,참 쉬운 가족 데이터 50GB,,,,,False,,,https://www.lguplus.com/mobile/plan/mplan/5g-all/5g-unlimited/Z202205251
Z202205251_우리집지킴이Easy2+,LGU+,플러스플랜115 (우리집지킴이Easy2+),기타,우리집지킴이Easy2+,,,11000,0,True,프리미엄플러스(택1),"정가 11,000원 중 월 0원 부담",https://www.lguplus.com/mobile/plan/mplan/5g-all/5g-unlimited/Z202205251
Z202205251_우리집지킴이Easy2+,LGU+,플러스플랜115 (우리집지킴이Easy2+),멤버십,VVIP 등급,,,,,False,,,https://www.lguplus.com/mobile/plan/mplan/5g-all/5g-unlimited/Z202205251
Z202205251_우리집지킴이Easy2+,LGU+,플러스플랜115 (우리집지킴이Easy2+),스마트기기,"2대 월정액 할인(최대 33,000원)",,,,,False,,,https://www.lguplus.com/mobile/plan/mplan/5g-all/5g-unlimited/Z202205251
Z202205251_우리집지킴이Easy2+,LGU+,플러스플랜115 (우리집지킴이Easy2+),OTT/구독,구글원,구글 원,,,,True,데일리플러스(택1),,https://www.lguplus.com/mobile/plan/mplan/5g-all/5g-unlimited/Z202205251
Z202205251_우리집지킴이Easy2+,LGU+,플러스플랜115 (우리집지킴이Easy2+),기타,모아진,,,,,True,데일리플러스(택1),,https://www.lguplus.com/mobile/plan/mplan/5g-all/5g-unlimited/Z202205251
Z202205251_우리집지킴이Easy2+,LGU+,플러스플랜115 (우리집지킴이Easy2+),기타,교보문고 sam,,,,,True,데일리플러스(택1),,https://www.lguplus.com/mobile/plan/mplan/5g-all/5g-unlimited/Z202205251
Z202205251_우리집지킴이Easy2+,LGU+,플러스플랜115 (우리집지킴이Easy2+),OTT/구독,지니뮤직,지니뮤직,,,,True,데일리플러스(택1),,https://www.lguplus.com/mobile/plan/mplan/5g-all/5g-unlimited/Z202205251
Z202205251_우리집지킴이Easy2+,LGU+,플러스플랜115 (우리집지킴이Easy2+),OTT/구독,밀리의 서재,밀리의서재,,,,True,데일리플러스(택1),,https://www.lguplus.com/mobile/plan/mplan/5g-all/5g-unlimited/Z202205251
Z202205251_우리집지킴이Easy2+,LGU+,플러스플랜115 (우리집지킴이Easy2+),추가데이터,테더링+쉐어링 100GB,,,,,False,,,https://www.lguplus.com/mobile/plan/mplan/5g-all/5g-unlimited/Z202205251
Z202205251_우리집지킴이Easy2+,LGU+,플러스플랜115 (우리집지킴이Easy2+),추가데이터,참 쉬운 가족 데이터 50GB,,,,,False,,,https://www.lguplus.com/mobile/plan/mplan/5g-all/5g-unlimited/Z202205251
Z202205251_데일리,LGU+,플러스플랜115 (데일리),OTT/구독,데일리,데일리플러스,,0,0,True,프리미엄플러스(택1),정가 0원 중 월 0원 부담,https://www.lguplus.com/mobile/plan/mplan/5g-all/5g-unlimited/Z202205251
Z202205251_데일리,LGU+,플러스플랜115 (데일리),멤버십,VVIP 등급,,,,,False,,,https://www.lguplus.com/mobile/plan/mplan/5g-all/5g-unlimited/Z202205251
Z202205251_데일리,LGU+,플러스플랜115 (데일리),스마트기기,"2대 월정액 할인(최대 33,000원)",,,,,False,,,https://www.lguplus.com/mobile/plan/mplan/5g-all/5g-unlimited/Z202205251
Z202205251_데일리,LGU+,플러스플랜115 (데일리),OTT/구독,구글원,구글 원,,,,True,데일리플러스(택1),,https://www.lguplus.com/mobile/plan/mplan/5g-all/5g-unlimited/Z202205251
Z202205251_데일리,LGU+,플러스플랜115 (데일리),기타,모아진,,,,,True,데일리플러스(택1),,https://www.lguplus.com/mobile/plan/mplan/5g-all/5g-unlimited/Z202205251
Z202205251_데일리,LGU+,플러스플랜115 (데일리),기타,교보문고 sam,,,,,True,데일리플러스(택1),,https://www.lguplus.com/mobile/plan/mplan/5g-all/5g-unlimited/Z202205251
Z202205251_데일리,LGU+,플러스플랜115 (데일리),OTT/구독,지니뮤직,지니뮤직,,,,True,데일리플러스(택1),,https://www.lguplus.com/mobile/plan/mplan/5g-all/5g-unlimited/Z202205251
Z202205251_데일리,LGU+,플러스플랜115 (데일리),OTT/구독,밀리의 서재,밀리의서재,,,,True,데일리플러스(택1),,https://www.lguplus.com/mobile/plan/mplan/5g-all/5g-unlimited/Z202205251
Z202205251_데일리,LGU+,플러스플랜115 (데일리),추가데이터,테더링+쉐어링 100GB,,,,,False,,,https://www.lguplus.com/mobile/plan/mplan/5g-all/5g-unlimited/Z202205251
Z202205251_데일리,LGU+,플러스플랜115 (데일리),추가데이터,참 쉬운 가족 데이터 50GB,,,,,False,,,https://www.lguplus.com/mobile/plan/mplan/5g-all/5g-unlimited/Z202205251
Z202205251_삼성디바이스,LGU+,플러스플랜115 (삼성디바이스),스마트기기,삼성디바이스,삼성 디바이스,,9080,0,True,프리미엄플러스(택1),"정가 9,080원 중 월 0원 부담",https://www.lguplus.com/mobile/plan/mplan/5g-all/5g-unlimited/Z202205251
Z202205251_삼성디바이스,LGU+,플러스플랜115 (삼성디바이스),멤버십,VVIP 등급,,,,,False,,,https://www.lguplus.com/mobile/plan/mplan/5g-all/5g-unlimited/Z202205251
Z202205251_삼성디바이스,LGU+,플러스플랜115 (삼성디바이스),스마트기기,"2대 월정액 할인(최대 33,000원)",,,,,False,,,https://www.lguplus.com/mobile/plan/mplan/5g-all/5g-unlimited/Z202205251
Z202205251_삼성디바이스,LGU+,플러스플랜115 (삼성디바이스),OTT/구독,구글원,구글 원,,,,True,데일리플러스(택1),,https://www.lguplus.com/mobile/plan/mplan/5g-all/5g-unlimited/Z202205251
Z202205251_삼성디바이스,LGU+,플러스플랜115 (삼성디바이스),기타,모아진,,,,,True,데일리플러스(택1),,https://www.lguplus.com/mobile/plan/mplan/5g-all/5g-unlimited/Z202205251
Z202205251_삼성디바이스,LGU+,플러스플랜115 (삼성디바이스),기타,교보문고 sam,,,,,True,데일리플러스(택1),,https://www.lguplus.com/mobile/plan/mplan/5g-all/5g-unlimited/Z202205251
Z202205251_삼성디바이스,LGU+,플러스플랜115 (삼성디바이스),OTT/구독,지니뮤직,지니뮤직,,,,True,데일리플러스(택1),,https://www.lguplus.com/mobile/plan/mplan/5g-all/5g-unlimited/Z202205251
Z202205251_삼성디바이스,LGU+,플러스플랜115 (삼성디바이스),OTT/구독,밀리의 서재,밀리의서재,,,,True,데일리플러스(택1),,https://www.lguplus.com/mobile/plan/mplan/5g-all/5g-unlimited/Z202205251
Z202205251_삼성디바이스,LGU+,플러스플랜115 (삼성디바이스),추가데이터,테더링+쉐어링 100GB,,,,,False,,,https://www.lguplus.com/mobile/plan/mplan/5g-all/5g-unlimited/Z202205251
Z202205251_삼성디바이스,LGU+,플러스플랜115 (삼성디바이스),추가데이터,참 쉬운 가족 데이터 50GB,,,,,False,,,https://www.lguplus.com/mobile/plan/mplan/5g-all/5g-unlimited/Z202205251
Z202205251_우리집돌봄이Kids,LGU+,플러스플랜115 (우리집돌봄이Kids),기타,우리집돌봄이Kids,,,12100,0,True,프리미엄플러스(택1),"정가 12,100원 중 월 0원 부담",https://www.lguplus.com/mobile/plan/mplan/5g-all/5g-unlimited/Z202205251
Z202205251_우리집돌봄이Kids,LGU+,플러스플랜115 (우리집돌봄이Kids),멤버십,VVIP 등급,,,,,False,,,https://www.lguplus.com/mobile/plan/mplan/5g-all/5g-unlimited/Z202205251
Z202205251_우리집돌봄이Kids,LGU+,플러스플랜115 (우리집돌봄이Kids),스마트기기,"2대 월정액 할인(최대 33,000원)",,,,,False,,,https://www.lguplus.com/mobile/plan/mplan/5g-all/5g-unlimited/Z202205251
Z202205251_우리집돌봄이Kids,LGU+,플러스플랜115 (우리집돌봄이Kids),OTT/구독,구글원,구글 원,,,,True,데일리플러스(택1),,https://www.lguplus.com/mobile/plan/mplan/5g-all/5g-unlimited/Z202205251
Z202205251_우리집돌봄이Kids,LGU+,플러스플랜115 (우리집돌봄이Kids),기타,모아진,,,,,True,데일리플러스(택1),,https://www.lguplus.com/mobile/plan/mplan/5g-all/5g-unlimited/Z202205251
Z202205251_우리집돌봄이Kids,LGU+,플러스플랜115 (우리집돌봄이Kids),기타,교보문고 sam,,,,,True,데일리플러스(택1),,https://www.lguplus.com/mobile/plan/mplan/5g-all/5g-unlimited/Z202205251
Z202205251_우리집돌봄이Kids,LGU+,플러스플랜115 (우리집돌봄이Kids),OTT/구독,지니뮤직,지니뮤직,,,,True,데일리플러스(택1),,https://www.lguplus.com/mobile/plan/mplan/5g-all/5g-unlimited/Z202205251
Z202205251_우리집돌봄이Kids,LGU+,플러스플랜115 (우리집돌봄이Kids),OTT/구독,밀리의 서재,밀리의서재,,,,True,데일리플러스(택1),,https://www.lguplus.com/mobile/plan/mplan/5g-all/5g-unlimited/Z202205251
Z202205251_우리집돌봄이Kids,LGU+,플러스플랜115 (우리집돌봄이Kids),추가데이터,테더링+쉐어링 100GB,,,,,False,,,https://www.lguplus.com/mobile/plan/mplan/5g-all/5g-unlimited/Z202205251
Z202205251_우리집돌봄이Kids,LGU+,플러스플랜115 (우리집돌봄이Kids),추가데이터,참 쉬운 가족 데이터 50GB,,,,,False,,,https://www.lguplus.com/mobile/plan/mplan/5g-all/5g-unlimited/Z202205251
Z202205251_우리집지킴이도어캠,LGU+,플러스플랜115 (우리집지킴이도어캠),기타,우리집지킴이도어캠,,,14300,0,True,프리미엄플러스(택1),"정가 14,300원 중 월 0원 부담",https://www.lguplus.com/mobile/plan/mplan/5g-all/5g-unlimited/Z202205251
Z202205251_우리집지킴이도어캠,LGU+,플러스플랜115 (우리집지킴이도어캠),멤버십,VVIP 등급,,,,,False,,,https://www.lguplus.com/mobile/plan/mplan/5g-all/5g-unlimited/Z202205251
Z202205251_우리집지킴이도어캠,LGU+,플러스플랜115 (우리집지킴이도어캠),스마트기기,"2대 월정액 할인(최대 33,000원)",,,,,False,,,https://www.lguplus.com/mobile/plan/mplan/5g-all/5g-unlimited/Z202205251
Z202205251_우리집지킴이도어캠,LGU+,플러스플랜115 (우리집지킴이도어캠),OTT/구독,구글원,구글 원,,,,True,데일리플러스(택1),,https://www.lguplus.com/mobile/plan/mplan/5g-all/5g-unlimited/Z202205251
Z202205251_우리집지킴이도어캠,LGU+,플러스플랜115 (우리집지킴이도어캠),기타,모아진,,,,,True,데일리플러스(택1),,https://www.lguplus.com/mobile/plan/mplan/5g-all/5g-unlimited/Z202205251
Z202205251_우리집지킴이도어캠,LGU+,플러스플랜115 (우리집지킴이도어캠),기타,교보문고 sam,,,,,True,데일리플러스(택1),,https://www.lguplus.com/mobile/plan/mplan/5g-all/5g-unlimited/Z202205251
Z202205251_우리집지킴이도어캠,LGU+,플러스플랜115 (우리집지킴이도어캠),OTT/구독,지니뮤직,지니뮤직,,,,True,데일리플러스(택1),,https://www.lguplus.com/mobile/plan/mplan/5g-all/5g-unlimited/Z202205251
Z202205251_우리집지킴이도어캠,LGU+,플러스플랜115 (우리집지킴이도어캠),OTT/구독,밀리의 서재,밀리의서재,,,,True,데일리플러스(택1),,https://www.lguplus.com/mobile/plan/mplan/5g-all/5g-unlimited/Z202205251
Z202205251_우리집지킴이도어캠,LGU+,플러스플랜115 (우리집지킴이도어캠),추가데이터,테더링+쉐어링 100GB,,,,,False,,,https://www.lguplus.com/mobile/plan/mplan/5g-all/5g-unlimited/Z202205251
Z202205251_우리집지킴이도어캠,LGU+,플러스플랜115 (우리집지킴이도어캠),추가데이터,참 쉬운 가족 데이터 50GB,,,,,False,,,https://www.lguplus.com/mobile/plan/mplan/5g-all/5g-unlimited/Z202205251
Z202205251_애플디바이스,LGU+,플러스플랜115 (애플디바이스),스마트기기,애플디바이스,애플 디바이스,,8560,0,True,프리미엄플러스(택1),"정가 8,560원 중 월 0원 부담",https://www.lguplus.com/mobile/plan/mplan/5g-all/5g-unlimited/Z202205251
Z202205251_애플디바이스,LGU+,플러스플랜115 (애플디바이스),멤버십,VVIP 등급,,,,,False,,,https://www.lguplus.com/mobile/plan/mplan/5g-all/5g-unlimited/Z202205251
Z202205251_애플디바이스,LGU+,플러스플랜115 (애플디바이스),스마트기기,"2대 월정액 할인(최대 33,000원)",,,,,False,,,https://www.lguplus.com/mobile/plan/mplan/5g-all/5g-unlimited/Z202205251
Z202205251_애플디바이스,LGU+,플러스플랜115 (애플디바이스),OTT/구독,구글원,구글 원,,,,True,데일리플러스(택1),,https://www.lguplus.com/mobile/plan/mplan/5g-all/5g-unlimited/Z202205251
Z202205251_애플디바이스,LGU+,플러스플랜115 (애플디바이스),기타,모아진,,,,,True,데일리플러스(택1),,https://www.lguplus.com/mobile/plan/mplan/5g-all/5g-unlimited/Z202205251
Z202205251_애플디바이스,LGU+,플러스플랜115 (애플디바이스),기타,교보문고 sam,,,,,True,데일리플러스(택1),,https://www.lguplus.com/mobile/plan/mplan/5g-all/5g-unlimited/Z202205251
Z202205251_애플디바이스,LGU+,플러스플랜115 (애플디바이스),OTT/구독,지니뮤직,지니뮤직,,,,True,데일리플러스(택1),,https://www.lguplus.com/mobile/plan/mplan/5g-all/5g-unlimited/Z202205251
Z202205251_애플디바이스,LGU+,플러스플랜115 (애플디바이스),OTT/구독,밀리의 서재,밀리의서재,,,,True,데일리플러스(택1),,https://www.lguplus.com/mobile/plan/mplan/5g-all/5g-unlimited/Z202205251
Z202205251_애플디바이스,LGU+,플러스플랜115 (애플디바이스),추가데이터,테더링+쉐어링 100GB,,,,,False,,,https://www.lguplus.com/mobile/plan/mplan/5g-all/5g-unlimited/Z202205251
Z202205251_애플디바이스,LGU+,플러스플랜115 (애플디바이스),추가데이터,참 쉬운 가족 데이터 50GB,,,,,False,,,https://www.lguplus.com/mobile/plan/mplan/5g-all/5g-unlimited/Z202205251
Z202205251_티빙,LGU+,플러스플랜115 (티빙),OTT/구독,티빙,티빙,,17000,7500,True,프리미엄플러스(택1),"정가 17,000원 중 월 7,500원 부담",https://www.lguplus.com/mobile/plan/mplan/5g-all/5g-unlimited/Z202205251
Z202205251_티빙,LGU+,플러스플랜115 (티빙),멤버십,VVIP 등급,,,,,False,,,https://www.lguplus.com/mobile/plan/mplan/5g-all/5g-unlimited/Z202205251
Z202205251_티빙,LGU+,플러스플랜115 (티빙),스마트기기,"2대 월정액 할인(최대 33,000원)",,,,,False,,,https://www.lguplus.com/mobile/plan/mplan/5g-all/5g-unlimited/Z202205251
Z202205251_티빙,LGU+,플러스플랜115 (티빙),OTT/구독,구글원,구글 원,,,,True,데일리플러스(택1),,https://www.lguplus.com/mobile/plan/mplan/5g-all/5g-unlimited/Z202205251
Z202205251_티빙,LGU+,플러스플랜115 (티빙),기타,모아진,,,,,True,데일리플러스(택1),,https://www.lguplus.com/mobile/plan/mplan/5g-all/5g-unlimited/Z202205251
Z202205251_티빙,LGU+,플러스플랜115 (티빙),기타,교보문고 sam,,,,,True,데일리플러스(택1),,https://www.lguplus.com/mobile/plan/mplan/5g-all/5g-unlimited/Z202205251
Z202205251_티빙,LGU+,플러스플랜115 (티빙),OTT/구독,지니뮤직,지니뮤직,,,,True,데일리플러스(택1),,https://www.lguplus.com/mobile/plan/mplan/5g-all/5g-unlimited/Z202205251
Z202205251_티빙,LGU+,플러스플랜115 (티빙),OTT/구독,밀리의 서재,밀리의서재,,,,True,데일리플러스(택1),,https://www.lguplus.com/mobile/plan/mplan/5g-all/5g-unlimited/Z202205251
Z202205251_티빙,LGU+,플러스플랜115 (티빙),추가데이터,테더링+쉐어링 100GB,,,,,False,,,https://www.lguplus.com/mobile/plan/mplan/5g-all/5g-unlimited/Z202205251
Z202205251_티빙,LGU+,플러스플랜115 (티빙),추가데이터,참 쉬운 가족 데이터 50GB,,,,,False,,,https://www.lguplus.com/mobile/plan/mplan/5g-all/5g-unlimited/Z202205251
Z202205251_마니아디바이스,LGU+,플러스플랜115 (마니아디바이스),스마트기기,마니아디바이스,,,16400,0,True,프리미엄플러스(택1),"정가 16,400원 중 월 0원 부담",https://www.lguplus.com/mobile/plan/mplan/5g-all/5g-unlimited/Z202205251
Z202205251_마니아디바이스,LGU+,플러스플랜115 (마니아디바이스),멤버십,VVIP 등급,,,,,False,,,https://www.lguplus.com/mobile/plan/mplan/5g-all/5g-unlimited/Z202205251
Z202205251_마니아디바이스,LGU+,플러스플랜115 (마니아디바이스),스마트기기,"2대 월정액 할인(최대 33,000원)",,,,,False,,,https://www.lguplus.com/mobile/plan/mplan/5g-all/5g-unlimited/Z202205251
Z202205251_마니아디바이스,LGU+,플러스플랜115 (마니아디바이스),OTT/구독,구글원,구글 원,,,,True,데일리플러스(택1),,https://www.lguplus.com/mobile/plan/mplan/5g-all/5g-unlimited/Z202205251
Z202205251_마니아디바이스,LGU+,플러스플랜115 (마니아디바이스),기타,모아진,,,,,True,데일리플러스(택1),,https://www.lguplus.com/mobile/plan/mplan/5g-all/5g-unlimited/Z202205251
Z202205251_마니아디바이스,LGU+,플러스플랜115 (마니아디바이스),기타,교보문고 sam,,,,,True,데일리플러스(택1),,https://www.lguplus.com/mobile/plan/mplan/5g-all/5g-unlimited/Z202205251
Z202205251_마니아디바이스,LGU+,플러스플랜115 (마니아디바이스),OTT/구독,지니뮤직,지니뮤직,,,,True,데일리플러스(택1),,https://www.lguplus.com/mobile/plan/mplan/5g-all/5g-unlimited/Z202205251
Z202205251_마니아디바이스,LGU+,플러스플랜115 (마니아디바이스),OTT/구독,밀리의 서재,밀리의서재,,,,True,데일리플러스(택1),,https://www.lguplus.com/mobile/plan/mplan/5g-all/5g-unlimited/Z202205251
Z202205251_마니아디바이스,LGU+,플러스플랜115 (마니아디바이스),추가데이터,테더링+쉐어링 100GB,,,,,False,,,https://www.lguplus.com/mobile/plan/mplan/5g-all/5g-unlimited/Z202205251
Z202205251_마니아디바이스,LGU+,플러스플랜115 (마니아디바이스),추가데이터,참 쉬운 가족 데이터 50GB,,,,,False,,,https://www.lguplus.com/mobile/plan/mplan/5g-all/5g-unlimited/Z202205251
Z202205251_AI 구독,LGU+,플러스플랜115 (AI 구독),OTT/구독,AI 구독,Google AI,,52900,0,True,프리미엄플러스(택1),"정가 52,900원 중 월 0원 부담",https://www.lguplus.com/mobile/plan/mplan/5g-all/5g-unlimited/Z202205251
Z202205251_AI 구독,LGU+,플러스플랜115 (AI 구독),멤버십,VVIP 등급,,,,,False,,,https://www.lguplus.com/mobile/plan/mplan/5g-all/5g-unlimited/Z202205251
Z202205251_AI 구독,LGU+,플러스플랜115 (AI 구독),스마트기기,"2대 월정액 할인(최대 33,000원)",,,,,False,,,https://www.lguplus.com/mobile/plan/mplan/5g-all/5g-unlimited/Z202205251
Z202205251_AI 구독,LGU+,플러스플랜115 (AI 구독),OTT/구독,구글원,구글 원,,,,True,데일리플러스(택1),,https://www.lguplus.com/mobile/plan/mplan/5g-all/5g-unlimited/Z202205251
Z202205251_AI 구독,LGU+,플러스플랜115 (AI 구독),기타,모아진,,,,,True,데일리플러스(택1),,https://www.lguplus.com/mobile/plan/mplan/5g-all/5g-unlimited/Z202205251
Z202205251_AI 구독,LGU+,플러스플랜115 (AI 구독),기타,교보문고 sam,,,,,True,데일리플러스(택1),,https://www.lguplus.com/mobile/plan/mplan/5g-all/5g-unlimited/Z202205251
Z202205251_AI 구독,LGU+,플러스플랜115 (AI 구독),OTT/구독,지니뮤직,지니뮤직,,,,True,데일리플러스(택1),,https://www.lguplus.com/mobile/plan/mplan/5g-all/5g-unlimited/Z202205251
Z202205251_AI 구독,LGU+,플러스플랜115 (AI 구독),OTT/구독,밀리의 서재,밀리의서재,,,,True,데일리플러스(택1),,https://www.lguplus.com/mobile/plan/mplan/5g-all/5g-unlimited/Z202205251
Z202205251_AI 구독,LGU+,플러스플랜115 (AI 구독),추가데이터,테더링+쉐어링 100GB,,,,,False,,,https://www.lguplus.com/mobile/plan/mplan/5g-all/5g-unlimited/Z202205251
Z202205251_AI 구독,LGU+,플러스플랜115 (AI 구독),추가데이터,참 쉬운 가족 데이터 50GB,,,,,False,,,https://www.lguplus.com/mobile/plan/mplan/5g-all/5g-unlimited/Z202205251
Z202205251_구글 원,LGU+,플러스플랜115 (구글 원),OTT/구독,구글 원,구글 원,,29000,4000,True,프리미엄플러스(택1),"정가 29,000원 중 월 4,000원 부담",https://www.lguplus.com/mobile/plan/mplan/5g-all/5g-unlimited/Z202205251
Z202205251_구글 원,LGU+,플러스플랜115 (구글 원),멤버십,VVIP 등급,,,,,False,,,https://www.lguplus.com/mobile/plan/mplan/5g-all/5g-unlimited/Z202205251
Z202205251_구글 원,LGU+,플러스플랜115 (구글 원),스마트기기,"2대 월정액 할인(최대 33,000원)",,,,,False,,,https://www.lguplus.com/mobile/plan/mplan/5g-all/5g-unlimited/Z202205251
Z202205251_구글 원,LGU+,플러스플랜115 (구글 원),OTT/구독,구글원,구글 원,,,,True,데일리플러스(택1),,https://www.lguplus.com/mobile/plan/mplan/5g-all/5g-unlimited/Z202205251
Z202205251_구글 원,LGU+,플러스플랜115 (구글 원),기타,모아진,,,,,True,데일리플러스(택1),,https://www.lguplus.com/mobile/plan/mplan/5g-all/5g-unlimited/Z202205251
Z202205251_구글 원,LGU+,플러스플랜115 (구글 원),기타,교보문고 sam,,,,,True,데일리플러스(택1),,https://www.lguplus.com/mobile/plan/mplan/5g-all/5g-unlimited/Z202205251
Z202205251_구글 원,LGU+,플러스플랜115 (구글 원),OTT/구독,지니뮤직,지니뮤직,,,,True,데일리플러스(택1),,https://www.lguplus.com/mobile/plan/mplan/5g-all/5g-unlimited/Z202205251
Z202205251_구글 원,LGU+,플러스플랜115 (구글 원),OTT/구독,밀리의 서재,밀리의서재,,,,True,데일리플러스(택1),,https://www.lguplus.com/mobile/plan/mplan/5g-all/5g-unlimited/Z202205251
Z202205251_구글 원,LGU+,플러스플랜115 (구글 원),추가데이터,테더링+쉐어링 100GB,,,,,False,,,https://www.lguplus.com/mobile/plan/mplan/5g-all/5g-unlimited/Z202205251
Z202205251_구글 원,LGU+,플러스플랜115 (구글 원),추가데이터,참 쉬운 가족 데이터 50GB,,,,,False,,,https://www.lguplus.com/mobile/plan/mplan/5g-all/5g-unlimited/Z202205251
Z202205251_넷플릭스,LGU+,플러스플랜115 (넷플릭스),OTT/구독,넷플릭스,넷플릭스,,17000,7500,True,프리미엄플러스(택1),"정가 17,000원 중 월 7,500원 부담",https://www.lguplus.com/mobile/plan/mplan/5g-all/5g-unlimited/Z202205251
Z202205251_넷플릭스,LGU+,플러스플랜115 (넷플릭스),멤버십,VVIP 등급,,,,,False,,,https://www.lguplus.com/mobile/plan/mplan/5g-all/5g-unlimited/Z202205251
Z202205251_넷플릭스,LGU+,플러스플랜115 (넷플릭스),스마트기기,"2대 월정액 할인(최대 33,000원)",,,,,False,,,https://www.lguplus.com/mobile/plan/mplan/5g-all/5g-unlimited/Z202205251
Z202205251_넷플릭스,LGU+,플러스플랜115 (넷플릭스),OTT/구독,구글원,구글 원,,,,True,데일리플러스(택1),,https://www.lguplus.com/mobile/plan/mplan/5g-all/5g-unlimited/Z202205251
Z202205251_넷플릭스,LGU+,플러스플랜115 (넷플릭스),기타,모아진,,,,,True,데일리플러스(택1),,https://www.lguplus.com/mobile/plan/mplan/5g-all/5g-unlimited/Z202205251
Z202205251_넷플릭스,LGU+,플러스플랜115 (넷플릭스),기타,교보문고 sam,,,,,True,데일리플러스(택1),,https://www.lguplus.com/mobile/plan/mplan/5g-all/5g-unlimited/Z202205251
Z202205251_넷플릭스,LGU+,플러스플랜115 (넷플릭스),OTT/구독,지니뮤직,지니뮤직,,,,True,데일리플러스(택1),,https://www.lguplus.com/mobile/plan/mplan/5g-all/5g-unlimited/Z202205251
Z202205251_넷플릭스,LGU+,플러스플랜115 (넷플릭스),OTT/구독,밀리의 서재,밀리의서재,,,,True,데일리플러스(택1),,https://www.lguplus.com/mobile/plan/mplan/5g-all/5g-unlimited/Z202205251
Z202205251_넷플릭스,LGU+,플러스플랜115 (넷플릭스),추가데이터,테더링+쉐어링 100GB,,,,,False,,,https://www.lguplus.com/mobile/plan/mplan/5g-all/5g-unlimited/Z202205251
Z202205251_넷플릭스,LGU+,플러스플랜115 (넷플릭스),추가데이터,참 쉬운 가족 데이터 50GB,,,,,False,,,https://www.lguplus.com/mobile/plan/mplan/5g-all/5g-unlimited/Z202205251
Z202205251_구글원+보상패스,LGU+,플러스플랜115 (구글원+보상패스),OTT/구독,구글원+보상패스,구글 원,,35000,21500,True,프리미엄플러스(택1),"정가 35,000원 중 월 21,500원 부담",https://www.lguplus.com/mobile/plan/mplan/5g-all/5g-unlimited/Z202205251
Z202205251_구글원+보상패스,LGU+,플러스플랜115 (구글원+보상패스),멤버십,VVIP 등급,,,,,False,,,https://www.lguplus.com/mobile/plan/mplan/5g-all/5g-unlimited/Z202205251
Z202205251_구글원+보상패스,LGU+,플러스플랜115 (구글원+보상패스),스마트기기,"2대 월정액 할인(최대 33,000원)",,,,,False,,,https://www.lguplus.com/mobile/plan/mplan/5g-all/5g-unlimited/Z202205251
Z202205251_구글원+보상패스,LGU+,플러스플랜115 (구글원+보상패스),OTT/구독,구글원,구글 원,,,,True,데일리플러스(택1),,https://www.lguplus.com/mobile/plan/mplan/5g-all/5g-unlimited/Z202205251
Z202205251_구글원+보상패스,LGU+,플러스플랜115 (구글원+보상패스),기타,모아진,,,,,True,데일리플러스(택1),,https://www.lguplus.com/mobile/plan/mplan/5g-all/5g-unlimited/Z202205251
Z202205251_구글원+보상패스,LGU+,플러스플랜115 (구글원+보상패스),기타,교보문고 sam,,,,,True,데일리플러스(택1),,https://www.lguplus.com/mobile/plan/mplan/5g-all/5g-unlimited/Z202205251
Z202205251_구글원+보상패스,LGU+,플러스플랜115 (구글원+보상패스),OTT/구독,지니뮤직,지니뮤직,,,,True,데일리플러스(택1),,https://www.lguplus.com/mobile/plan/mplan/5g-all/5g-unlimited/Z202205251
Z202205251_구글원+보상패스,LGU+,플러스플랜115 (구글원+보상패스),OTT/구독,밀리의 서재,밀리의서재,,,,True,데일리플러스(택1),,https://www.lguplus.com/mobile/plan/mplan/5g-all/5g-unlimited/Z202205251
Z202205251_구글원+보상패스,LGU+,플러스플랜115 (구글원+보상패스),추가데이터,테더링+쉐어링 100GB,,,,,False,,,https://www.lguplus.com/mobile/plan/mplan/5g-all/5g-unlimited/Z202205251
Z202205251_구글원+보상패스,LGU+,플러스플랜115 (구글원+보상패스),추가데이터,참 쉬운 가족 데이터 50GB,,,,,False,,,https://www.lguplus.com/mobile/plan/mplan/5g-all/5g-unlimited/Z202205251
Z202205252_디즈니+,LGU+,플러스플랜105 (디즈니+),OTT/구독,디즈니+,디즈니+,,9900,0,True,프리미엄플러스(택1),"정가 9,900원 중 월 0원 부담",https://www.lguplus.com/mobile/plan/mplan/5g-all/5g-unlimited/Z202205252
Z202205252_디즈니+,LGU+,플러스플랜105 (디즈니+),멤버십,VVIP 등급,,,,,False,,,https://www.lguplus.com/mobile/plan/mplan/5g-all/5g-unlimited/Z202205252
Z202205252_디즈니+,LGU+,플러스플랜105 (디즈니+),스마트기기,"2대 월정액 할인 (1대당 최대 11,000원)",,,,,False,,,https://www.lguplus.com/mobile/plan/mplan/5g-all/5g-unlimited/Z202205252
Z202205252_디즈니+,LGU+,플러스플랜105 (디즈니+),OTT/구독,구글원,구글 원,,,,True,데일리플러스(택1),,https://www.lguplus.com/mobile/plan/mplan/5g-all/5g-unlimited/Z202205252
Z202205252_디즈니+,LGU+,플러스플랜105 (디즈니+),기타,모아진,,,,,True,데일리플러스(택1),,https://www.lguplus.com/mobile/plan/mplan/5g-all/5g-unlimited/Z202205252
Z202205252_디즈니+,LGU+,플러스플랜105 (디즈니+),기타,교보문고 sam,,,,,True,데일리플러스(택1),,https://www.lguplus.com/mobile/plan/mplan/5g-all/5g-unlimited/Z202205252
Z202205252_디즈니+,LGU+,플러스플랜105 (디즈니+),OTT/구독,지니뮤직,지니뮤직,,,,True,데일리플러스(택1),,https://www.lguplus.com/mobile/plan/mplan/5g-all/5g-unlimited/Z202205252
Z202205252_디즈니+,LGU+,플러스플랜105 (디즈니+),OTT/구독,밀리의 서재,밀리의서재,,,,True,데일리플러스(택1),,https://www.lguplus.com/mobile/plan/mplan/5g-all/5g-unlimited/Z202205252
Z202205252_디즈니+,LGU+,플러스플랜105 (디즈니+),추가데이터,테더링+쉐어링 100GB,,,,,False,,,https://www.lguplus.com/mobile/plan/mplan/5g-all/5g-unlimited/Z202205252
Z202205252_유튜브 프리미엄,LGU+,플러스플랜105 (유튜브 프리미엄),OTT/구독,유튜브 프리미엄,유튜브 프리미엄,,14900,4450,True,프리미엄플러스(택1),"정가 14,900원 중 월 4,450원 부담",https://www.lguplus.com/mobile/plan/mplan/5g-all/5g-unlimited/Z202205252
Z202205252_유튜브 프리미엄,LGU+,플러스플랜105 (유튜브 프리미엄),멤버십,VVIP 등급,,,,,False,,,https://www.lguplus.com/mobile/plan/mplan/5g-all/5g-unlimited/Z202205252
Z202205252_유튜브 프리미엄,LGU+,플러스플랜105 (유튜브 프리미엄),스마트기기,"2대 월정액 할인 (1대당 최대 11,000원)",,,,,False,,,https://www.lguplus.com/mobile/plan/mplan/5g-all/5g-unlimited/Z202205252
Z202205252_유튜브 프리미엄,LGU+,플러스플랜105 (유튜브 프리미엄),OTT/구독,구글원,구글 원,,,,True,데일리플러스(택1),,https://www.lguplus.com/mobile/plan/mplan/5g-all/5g-unlimited/Z202205252
Z202205252_유튜브 프리미엄,LGU+,플러스플랜105 (유튜브 프리미엄),기타,모아진,,,,,True,데일리플러스(택1),,https://www.lguplus.com/mobile/plan/mplan/5g-all/5g-unlimited/Z202205252
Z202205252_유튜브 프리미엄,LGU+,플러스플랜105 (유튜브 프리미엄),기타,교보문고 sam,,,,,True,데일리플러스(택1),,https://www.lguplus.com/mobile/plan/mplan/5g-all/5g-unlimited/Z202205252
Z202205252_유튜브 프리미엄,LGU+,플러스플랜105 (유튜브 프리미엄),OTT/구독,지니뮤직,지니뮤직,,,,True,데일리플러스(택1),,https://www.lguplus.com/mobile/plan/mplan/5g-all/5g-unlimited/Z202205252
Z202205252_유튜브 프리미엄,LGU+,플러스플랜105 (유튜브 프리미엄),OTT/구독,밀리의 서재,밀리의서재,,,,True,데일리플러스(택1),,https://www.lguplus.com/mobile/plan/mplan/5g-all/5g-unlimited/Z202205252
Z202205252_유튜브 프리미엄,LGU+,플러스플랜105 (유튜브 프리미엄),추가데이터,테더링+쉐어링 100GB,,,,,False,,,https://www.lguplus.com/mobile/plan/mplan/5g-all/5g-unlimited/Z202205252
Z202205252_우리집지킴이Easy2+,LGU+,플러스플랜105 (우리집지킴이Easy2+),기타,우리집지킴이Easy2+,,,11000,0,True,프리미엄플러스(택1),"정가 11,000원 중 월 0원 부담",https://www.lguplus.com/mobile/plan/mplan/5g-all/5g-unlimited/Z202205252
Z202205252_우리집지킴이Easy2+,LGU+,플러스플랜105 (우리집지킴이Easy2+),멤버십,VVIP 등급,,,,,False,,,https://www.lguplus.com/mobile/plan/mplan/5g-all/5g-unlimited/Z202205252
Z202205252_우리집지킴이Easy2+,LGU+,플러스플랜105 (우리집지킴이Easy2+),스마트기기,"2대 월정액 할인 (1대당 최대 11,000원)",,,,,False,,,https://www.lguplus.com/mobile/plan/mplan/5g-all/5g-unlimited/Z202205252
Z202205252_우리집지킴이Easy2+,LGU+,플러스플랜105 (우리집지킴이Easy2+),OTT/구독,구글원,구글 원,,,,True,데일리플러스(택1),,https://www.lguplus.com/mobile/plan/mplan/5g-all/5g-unlimited/Z202205252
Z202205252_우리집지킴이Easy2+,LGU+,플러스플랜105 (우리집지킴이Easy2+),기타,모아진,,,,,True,데일리플러스(택1),,https://www.lguplus.com/mobile/plan/mplan/5g-all/5g-unlimited/Z202205252
Z202205252_우리집지킴이Easy2+,LGU+,플러스플랜105 (우리집지킴이Easy2+),기타,교보문고 sam,,,,,True,데일리플러스(택1),,https://www.lguplus.com/mobile/plan/mplan/5g-all/5g-unlimited/Z202205252
Z202205252_우리집지킴이Easy2+,LGU+,플러스플랜105 (우리집지킴이Easy2+),OTT/구독,지니뮤직,지니뮤직,,,,True,데일리플러스(택1),,https://www.lguplus.com/mobile/plan/mplan/5g-all/5g-unlimited/Z202205252
Z202205252_우리집지킴이Easy2+,LGU+,플러스플랜105 (우리집지킴이Easy2+),OTT/구독,밀리의 서재,밀리의서재,,,,True,데일리플러스(택1),,https://www.lguplus.com/mobile/plan/mplan/5g-all/5g-unlimited/Z202205252
Z202205252_우리집지킴이Easy2+,LGU+,플러스플랜105 (우리집지킴이Easy2+),추가데이터,테더링+쉐어링 100GB,,,,,False,,,https://www.lguplus.com/mobile/plan/mplan/5g-all/5g-unlimited/Z202205252
Z202205252_데일리,LGU+,플러스플랜105 (데일리),OTT/구독,데일리,데일리플러스,,0,0,True,프리미엄플러스(택1),정가 0원 중 월 0원 부담,https://www.lguplus.com/mobile/plan/mplan/5g-all/5g-unlimited/Z202205252
Z202205252_데일리,LGU+,플러스플랜105 (데일리),멤버십,VVIP 등급,,,,,False,,,https://www.lguplus.com/mobile/plan/mplan/5g-all/5g-unlimited/Z202205252
Z202205252_데일리,LGU+,플러스플랜105 (데일리),스마트기기,"2대 월정액 할인 (1대당 최대 11,000원)",,,,,False,,,https://www.lguplus.com/mobile/plan/mplan/5g-all/5g-unlimited/Z202205252
Z202205252_데일리,LGU+,플러스플랜105 (데일리),OTT/구독,구글원,구글 원,,,,True,데일리플러스(택1),,https://www.lguplus.com/mobile/plan/mplan/5g-all/5g-unlimited/Z202205252
Z202205252_데일리,LGU+,플러스플랜105 (데일리),기타,모아진,,,,,True,데일리플러스(택1),,https://www.lguplus.com/mobile/plan/mplan/5g-all/5g-unlimited/Z202205252
Z202205252_데일리,LGU+,플러스플랜105 (데일리),기타,교보문고 sam,,,,,True,데일리플러스(택1),,https://www.lguplus.com/mobile/plan/mplan/5g-all/5g-unlimited/Z202205252
Z202205252_데일리,LGU+,플러스플랜105 (데일리),OTT/구독,지니뮤직,지니뮤직,,,,True,데일리플러스(택1),,https://www.lguplus.com/mobile/plan/mplan/5g-all/5g-unlimited/Z202205252
Z202205252_데일리,LGU+,플러스플랜105 (데일리),OTT/구독,밀리의 서재,밀리의서재,,,,True,데일리플러스(택1),,https://www.lguplus.com/mobile/plan/mplan/5g-all/5g-unlimited/Z202205252
Z202205252_데일리,LGU+,플러스플랜105 (데일리),추가데이터,테더링+쉐어링 100GB,,,,,False,,,https://www.lguplus.com/mobile/plan/mplan/5g-all/5g-unlimited/Z202205252
Z202205252_삼성디바이스,LGU+,플러스플랜105 (삼성디바이스),스마트기기,삼성디바이스,삼성 디바이스,,9080,0,True,프리미엄플러스(택1),"정가 9,080원 중 월 0원 부담",https://www.lguplus.com/mobile/plan/mplan/5g-all/5g-unlimited/Z202205252
Z202205252_삼성디바이스,LGU+,플러스플랜105 (삼성디바이스),멤버십,VVIP 등급,,,,,False,,,https://www.lguplus.com/mobile/plan/mplan/5g-all/5g-unlimited/Z202205252
Z202205252_삼성디바이스,LGU+,플러스플랜105 (삼성디바이스),스마트기기,"2대 월정액 할인 (1대당 최대 11,000원)",,,,,False,,,https://www.lguplus.com/mobile/plan/mplan/5g-all/5g-unlimited/Z202205252
Z202205252_삼성디바이스,LGU+,플러스플랜105 (삼성디바이스),OTT/구독,구글원,구글 원,,,,True,데일리플러스(택1),,https://www.lguplus.com/mobile/plan/mplan/5g-all/5g-unlimited/Z202205252
Z202205252_삼성디바이스,LGU+,플러스플랜105 (삼성디바이스),기타,모아진,,,,,True,데일리플러스(택1),,https://www.lguplus.com/mobile/plan/mplan/5g-all/5g-unlimited/Z202205252
Z202205252_삼성디바이스,LGU+,플러스플랜105 (삼성디바이스),기타,교보문고 sam,,,,,True,데일리플러스(택1),,https://www.lguplus.com/mobile/plan/mplan/5g-all/5g-unlimited/Z202205252
Z202205252_삼성디바이스,LGU+,플러스플랜105 (삼성디바이스),OTT/구독,지니뮤직,지니뮤직,,,,True,데일리플러스(택1),,https://www.lguplus.com/mobile/plan/mplan/5g-all/5g-unlimited/Z202205252
Z202205252_삼성디바이스,LGU+,플러스플랜105 (삼성디바이스),OTT/구독,밀리의 서재,밀리의서재,,,,True,데일리플러스(택1),,https://www.lguplus.com/mobile/plan/mplan/5g-all/5g-unlimited/Z202205252
Z202205252_삼성디바이스,LGU+,플러스플랜105 (삼성디바이스),추가데이터,테더링+쉐어링 100GB,,,,,False,,,https://www.lguplus.com/mobile/plan/mplan/5g-all/5g-unlimited/Z202205252
Z202205252_우리집돌봄이Kids,LGU+,플러스플랜105 (우리집돌봄이Kids),기타,우리집돌봄이Kids,,,12100,0,True,프리미엄플러스(택1),"정가 12,100원 중 월 0원 부담",https://www.lguplus.com/mobile/plan/mplan/5g-all/5g-unlimited/Z202205252
Z202205252_우리집돌봄이Kids,LGU+,플러스플랜105 (우리집돌봄이Kids),멤버십,VVIP 등급,,,,,False,,,https://www.lguplus.com/mobile/plan/mplan/5g-all/5g-unlimited/Z202205252
Z202205252_우리집돌봄이Kids,LGU+,플러스플랜105 (우리집돌봄이Kids),스마트기기,"2대 월정액 할인 (1대당 최대 11,000원)",,,,,False,,,https://www.lguplus.com/mobile/plan/mplan/5g-all/5g-unlimited/Z202205252
Z202205252_우리집돌봄이Kids,LGU+,플러스플랜105 (우리집돌봄이Kids),OTT/구독,구글원,구글 원,,,,True,데일리플러스(택1),,https://www.lguplus.com/mobile/plan/mplan/5g-all/5g-unlimited/Z202205252
Z202205252_우리집돌봄이Kids,LGU+,플러스플랜105 (우리집돌봄이Kids),기타,모아진,,,,,True,데일리플러스(택1),,https://www.lguplus.com/mobile/plan/mplan/5g-all/5g-unlimited/Z202205252
Z202205252_우리집돌봄이Kids,LGU+,플러스플랜105 (우리집돌봄이Kids),기타,교보문고 sam,,,,,True,데일리플러스(택1),,https://www.lguplus.com/mobile/plan/mplan/5g-all/5g-unlimited/Z202205252
Z202205252_우리집돌봄이Kids,LGU+,플러스플랜105 (우리집돌봄이Kids),OTT/구독,지니뮤직,지니뮤직,,,,True,데일리플러스(택1),,https://www.lguplus.com/mobile/plan/mplan/5g-all/5g-unlimited/Z202205252
Z202205252_우리집돌봄이Kids,LGU+,플러스플랜105 (우리집돌봄이Kids),OTT/구독,밀리의 서재,밀리의서재,,,,True,데일리플러스(택1),,https://www.lguplus.com/mobile/plan/mplan/5g-all/5g-unlimited/Z202205252
Z202205252_우리집돌봄이Kids,LGU+,플러스플랜105 (우리집돌봄이Kids),추가데이터,테더링+쉐어링 100GB,,,,,False,,,https://www.lguplus.com/mobile/plan/mplan/5g-all/5g-unlimited/Z202205252
Z202205252_애플디바이스,LGU+,플러스플랜105 (애플디바이스),스마트기기,애플디바이스,애플 디바이스,,7750,0,True,프리미엄플러스(택1),"정가 7,750원 중 월 0원 부담",https://www.lguplus.com/mobile/plan/mplan/5g-all/5g-unlimited/Z202205252
Z202205252_애플디바이스,LGU+,플러스플랜105 (애플디바이스),멤버십,VVIP 등급,,,,,False,,,https://www.lguplus.com/mobile/plan/mplan/5g-all/5g-unlimited/Z202205252
Z202205252_애플디바이스,LGU+,플러스플랜105 (애플디바이스),스마트기기,"2대 월정액 할인 (1대당 최대 11,000원)",,,,,False,,,https://www.lguplus.com/mobile/plan/mplan/5g-all/5g-unlimited/Z202205252
Z202205252_애플디바이스,LGU+,플러스플랜105 (애플디바이스),OTT/구독,구글원,구글 원,,,,True,데일리플러스(택1),,https://www.lguplus.com/mobile/plan/mplan/5g-all/5g-unlimited/Z202205252
Z202205252_애플디바이스,LGU+,플러스플랜105 (애플디바이스),기타,모아진,,,,,True,데일리플러스(택1),,https://www.lguplus.com/mobile/plan/mplan/5g-all/5g-unlimited/Z202205252
Z202205252_애플디바이스,LGU+,플러스플랜105 (애플디바이스),기타,교보문고 sam,,,,,True,데일리플러스(택1),,https://www.lguplus.com/mobile/plan/mplan/5g-all/5g-unlimited/Z202205252
Z202205252_애플디바이스,LGU+,플러스플랜105 (애플디바이스),OTT/구독,지니뮤직,지니뮤직,,,,True,데일리플러스(택1),,https://www.lguplus.com/mobile/plan/mplan/5g-all/5g-unlimited/Z202205252
Z202205252_애플디바이스,LGU+,플러스플랜105 (애플디바이스),OTT/구독,밀리의 서재,밀리의서재,,,,True,데일리플러스(택1),,https://www.lguplus.com/mobile/plan/mplan/5g-all/5g-unlimited/Z202205252
Z202205252_애플디바이스,LGU+,플러스플랜105 (애플디바이스),추가데이터,테더링+쉐어링 100GB,,,,,False,,,https://www.lguplus.com/mobile/plan/mplan/5g-all/5g-unlimited/Z202205252
Z202205252_티빙,LGU+,플러스플랜105 (티빙),OTT/구독,티빙,티빙,,17000,7500,True,프리미엄플러스(택1),"정가 17,000원 중 월 7,500원 부담",https://www.lguplus.com/mobile/plan/mplan/5g-all/5g-unlimited/Z202205252
Z202205252_티빙,LGU+,플러스플랜105 (티빙),멤버십,VVIP 등급,,,,,False,,,https://www.lguplus.com/mobile/plan/mplan/5g-all/5g-unlimited/Z202205252
Z202205252_티빙,LGU+,플러스플랜105 (티빙),스마트기기,"2대 월정액 할인 (1대당 최대 11,000원)",,,,,False,,,https://www.lguplus.com/mobile/plan/mplan/5g-all/5g-unlimited/Z202205252
Z202205252_티빙,LGU+,플러스플랜105 (티빙),OTT/구독,구글원,구글 원,,,,True,데일리플러스(택1),,https://www.lguplus.com/mobile/plan/mplan/5g-all/5g-unlimited/Z202205252
Z202205252_티빙,LGU+,플러스플랜105 (티빙),기타,모아진,,,,,True,데일리플러스(택1),,https://www.lguplus.com/mobile/plan/mplan/5g-all/5g-unlimited/Z202205252
Z202205252_티빙,LGU+,플러스플랜105 (티빙),기타,교보문고 sam,,,,,True,데일리플러스(택1),,https://www.lguplus.com/mobile/plan/mplan/5g-all/5g-unlimited/Z202205252
Z202205252_티빙,LGU+,플러스플랜105 (티빙),OTT/구독,지니뮤직,지니뮤직,,,,True,데일리플러스(택1),,https://www.lguplus.com/mobile/plan/mplan/5g-all/5g-unlimited/Z202205252
Z202205252_티빙,LGU+,플러스플랜105 (티빙),OTT/구독,밀리의 서재,밀리의서재,,,,True,데일리플러스(택1),,https://www.lguplus.com/mobile/plan/mplan/5g-all/5g-unlimited/Z202205252
Z202205252_티빙,LGU+,플러스플랜105 (티빙),추가데이터,테더링+쉐어링 100GB,,,,,False,,,https://www.lguplus.com/mobile/plan/mplan/5g-all/5g-unlimited/Z202205252
Z202205252_마니아디바이스,LGU+,플러스플랜105 (마니아디바이스),스마트기기,마니아디바이스,,,16400,0,True,프리미엄플러스(택1),"정가 16,400원 중 월 0원 부담",https://www.lguplus.com/mobile/plan/mplan/5g-all/5g-unlimited/Z202205252
Z202205252_마니아디바이스,LGU+,플러스플랜105 (마니아디바이스),멤버십,VVIP 등급,,,,,False,,,https://www.lguplus.com/mobile/plan/mplan/5g-all/5g-unlimited/Z202205252
Z202205252_마니아디바이스,LGU+,플러스플랜105 (마니아디바이스),스마트기기,"2대 월정액 할인 (1대당 최대 11,000원)",,,,,False,,,https://www.lguplus.com/mobile/plan/mplan/5g-all/5g-unlimited/Z202205252
Z202205252_마니아디바이스,LGU+,플러스플랜105 (마니아디바이스),OTT/구독,구글원,구글 원,,,,True,데일리플러스(택1),,https://www.lguplus.com/mobile/plan/mplan/5g-all/5g-unlimited/Z202205252
Z202205252_마니아디바이스,LGU+,플러스플랜105 (마니아디바이스),기타,모아진,,,,,True,데일리플러스(택1),,https://www.lguplus.com/mobile/plan/mplan/5g-all/5g-unlimited/Z202205252
Z202205252_마니아디바이스,LGU+,플러스플랜105 (마니아디바이스),기타,교보문고 sam,,,,,True,데일리플러스(택1),,https://www.lguplus.com/mobile/plan/mplan/5g-all/5g-unlimited/Z202205252
Z202205252_마니아디바이스,LGU+,플러스플랜105 (마니아디바이스),OTT/구독,지니뮤직,지니뮤직,,,,True,데일리플러스(택1),,https://www.lguplus.com/mobile/plan/mplan/5g-all/5g-unlimited/Z202205252
Z202205252_마니아디바이스,LGU+,플러스플랜105 (마니아디바이스),OTT/구독,밀리의 서재,밀리의서재,,,,True,데일리플러스(택1),,https://www.lguplus.com/mobile/plan/mplan/5g-all/5g-unlimited/Z202205252
Z202205252_마니아디바이스,LGU+,플러스플랜105 (마니아디바이스),추가데이터,테더링+쉐어링 100GB,,,,,False,,,https://www.lguplus.com/mobile/plan/mplan/5g-all/5g-unlimited/Z202205252
Z202205252_AI 구독,LGU+,플러스플랜105 (AI 구독),OTT/구독,AI 구독,Google AI,,23900,0,True,프리미엄플러스(택1),"정가 23,900원 중 월 0원 부담",https://www.lguplus.com/mobile/plan/mplan/5g-all/5g-unlimited/Z202205252
Z202205252_AI 구독,LGU+,플러스플랜105 (AI 구독),멤버십,VVIP 등급,,,,,False,,,https://www.lguplus.com/mobile/plan/mplan/5g-all/5g-unlimited/Z202205252
Z202205252_AI 구독,LGU+,플러스플랜105 (AI 구독),스마트기기,"2대 월정액 할인 (1대당 최대 11,000원)",,,,,False,,,https://www.lguplus.com/mobile/plan/mplan/5g-all/5g-unlimited/Z202205252
Z202205252_AI 구독,LGU+,플러스플랜105 (AI 구독),OTT/구독,구글원,구글 원,,,,True,데일리플러스(택1),,https://www.lguplus.com/mobile/plan/mplan/5g-all/5g-unlimited/Z202205252
Z202205252_AI 구독,LGU+,플러스플랜105 (AI 구독),기타,모아진,,,,,True,데일리플러스(택1),,https://www.lguplus.com/mobile/plan/mplan/5g-all/5g-unlimited/Z202205252
Z202205252_AI 구독,LGU+,플러스플랜105 (AI 구독),기타,교보문고 sam,,,,,True,데일리플러스(택1),,https://www.lguplus.com/mobile/plan/mplan/5g-all/5g-unlimited/Z202205252
Z202205252_AI 구독,LGU+,플러스플랜105 (AI 구독),OTT/구독,지니뮤직,지니뮤직,,,,True,데일리플러스(택1),,https://www.lguplus.com/mobile/plan/mplan/5g-all/5g-unlimited/Z202205252
Z202205252_AI 구독,LGU+,플러스플랜105 (AI 구독),OTT/구독,밀리의 서재,밀리의서재,,,,True,데일리플러스(택1),,https://www.lguplus.com/mobile/plan/mplan/5g-all/5g-unlimited/Z202205252
Z202205252_AI 구독,LGU+,플러스플랜105 (AI 구독),추가데이터,테더링+쉐어링 100GB,,,,,False,,,https://www.lguplus.com/mobile/plan/mplan/5g-all/5g-unlimited/Z202205252
Z202205252_구글 원,LGU+,플러스플랜105 (구글 원),OTT/구독,구글 원,구글 원,,29000,10000,True,프리미엄플러스(택1),"정가 29,000원 중 월 10,000원 부담",https://www.lguplus.com/mobile/plan/mplan/5g-all/5g-unlimited/Z202205252
Z202205252_구글 원,LGU+,플러스플랜105 (구글 원),멤버십,VVIP 등급,,,,,False,,,https://www.lguplus.com/mobile/plan/mplan/5g-all/5g-unlimited/Z202205252
Z202205252_구글 원,LGU+,플러스플랜105 (구글 원),스마트기기,"2대 월정액 할인 (1대당 최대 11,000원)",,,,,False,,,https://www.lguplus.com/mobile/plan/mplan/5g-all/5g-unlimited/Z202205252
Z202205252_구글 원,LGU+,플러스플랜105 (구글 원),OTT/구독,구글원,구글 원,,,,True,데일리플러스(택1),,https://www.lguplus.com/mobile/plan/mplan/5g-all/5g-unlimited/Z202205252
Z202205252_구글 원,LGU+,플러스플랜105 (구글 원),기타,모아진,,,,,True,데일리플러스(택1),,https://www.lguplus.com/mobile/plan/mplan/5g-all/5g-unlimited/Z202205252
Z202205252_구글 원,LGU+,플러스플랜105 (구글 원),기타,교보문고 sam,,,,,True,데일리플러스(택1),,https://www.lguplus.com/mobile/plan/mplan/5g-all/5g-unlimited/Z202205252
Z202205252_구글 원,LGU+,플러스플랜105 (구글 원),OTT/구독,지니뮤직,지니뮤직,,,,True,데일리플러스(택1),,https://www.lguplus.com/mobile/plan/mplan/5g-all/5g-unlimited/Z202205252
Z202205252_구글 원,LGU+,플러스플랜105 (구글 원),OTT/구독,밀리의 서재,밀리의서재,,,,True,데일리플러스(택1),,https://www.lguplus.com/mobile/plan/mplan/5g-all/5g-unlimited/Z202205252
Z202205252_구글 원,LGU+,플러스플랜105 (구글 원),추가데이터,테더링+쉐어링 100GB,,,,,False,,,https://www.lguplus.com/mobile/plan/mplan/5g-all/5g-unlimited/Z202205252
Z202205252_넷플릭스,LGU+,플러스플랜105 (넷플릭스),OTT/구독,넷플릭스,넷플릭스,,17000,10000,True,프리미엄플러스(택1),"정가 17,000원 중 월 10,000원 부담",https://www.lguplus.com/mobile/plan/mplan/5g-all/5g-unlimited/Z202205252
Z202205252_넷플릭스,LGU+,플러스플랜105 (넷플릭스),멤버십,VVIP 등급,,,,,False,,,https://www.lguplus.com/mobile/plan/mplan/5g-all/5g-unlimited/Z202205252
Z202205252_넷플릭스,LGU+,플러스플랜105 (넷플릭스),스마트기기,"2대 월정액 할인 (1대당 최대 11,000원)",,,,,False,,,https://www.lguplus.com/mobile/plan/mplan/5g-all/5g-unlimited/Z202205252
Z202205252_넷플릭스,LGU+,플러스플랜105 (넷플릭스),OTT/구독,구글원,구글 원,,,,True,데일리플러스(택1),,https://www.lguplus.com/mobile/plan/mplan/5g-all/5g-unlimited/Z202205252
Z202205252_넷플릭스,LGU+,플러스플랜105 (넷플릭스),기타,모아진,,,,,True,데일리플러스(택1),,https://www.lguplus.com/mobile/plan/mplan/5g-all/5g-unlimited/Z202205252
Z202205252_넷플릭스,LGU+,플러스플랜105 (넷플릭스),기타,교보문고 sam,,,,,True,데일리플러스(택1),,https://www.lguplus.com/mobile/plan/mplan/5g-all/5g-unlimited/Z202205252
Z202205252_넷플릭스,LGU+,플러스플랜105 (넷플릭스),OTT/구독,지니뮤직,지니뮤직,,,,True,데일리플러스(택1),,https://www.lguplus.com/mobile/plan/mplan/5g-all/5g-unlimited/Z202205252
Z202205252_넷플릭스,LGU+,플러스플랜105 (넷플릭스),OTT/구독,밀리의 서재,밀리의서재,,,,True,데일리플러스(택1),,https://www.lguplus.com/mobile/plan/mplan/5g-all/5g-unlimited/Z202205252
Z202205252_넷플릭스,LGU+,플러스플랜105 (넷플릭스),추가데이터,테더링+쉐어링 100GB,,,,,False,,,https://www.lguplus.com/mobile/plan/mplan/5g-all/5g-unlimited/Z202205252
Z202205252_구글원+보상패스,LGU+,플러스플랜105 (구글원+보상패스),OTT/구독,구글원+보상패스,구글 원,,35000,25300,True,프리미엄플러스(택1),"정가 35,000원 중 월 25,300원 부담",https://www.lguplus.com/mobile/plan/mplan/5g-all/5g-unlimited/Z202205252
Z202205252_구글원+보상패스,LGU+,플러스플랜105 (구글원+보상패스),멤버십,VVIP 등급,,,,,False,,,https://www.lguplus.com/mobile/plan/mplan/5g-all/5g-unlimited/Z202205252
Z202205252_구글원+보상패스,LGU+,플러스플랜105 (구글원+보상패스),스마트기기,"2대 월정액 할인 (1대당 최대 11,000원)",,,,,False,,,https://www.lguplus.com/mobile/plan/mplan/5g-all/5g-unlimited/Z202205252
Z202205252_구글원+보상패스,LGU+,플러스플랜105 (구글원+보상패스),OTT/구독,구글원,구글 원,,,,True,데일리플러스(택1),,https://www.lguplus.com/mobile/plan/mplan/5g-all/5g-unlimited/Z202205252
Z202205252_구글원+보상패스,LGU+,플러스플랜105 (구글원+보상패스),기타,모아진,,,,,True,데일리플러스(택1),,https://www.lguplus.com/mobile/plan/mplan/5g-all/5g-unlimited/Z202205252
Z202205252_구글원+보상패스,LGU+,플러스플랜105 (구글원+보상패스),기타,교보문고 sam,,,,,True,데일리플러스(택1),,https://www.lguplus.com/mobile/plan/mplan/5g-all/5g-unlimited/Z202205252
Z202205252_구글원+보상패스,LGU+,플러스플랜105 (구글원+보상패스),OTT/구독,지니뮤직,지니뮤직,,,,True,데일리플러스(택1),,https://www.lguplus.com/mobile/plan/mplan/5g-all/5g-unlimited/Z202205252
Z202205252_구글원+보상패스,LGU+,플러스플랜105 (구글원+보상패스),OTT/구독,밀리의 서재,밀리의서재,,,,True,데일리플러스(택1),,https://www.lguplus.com/mobile/plan/mplan/5g-all/5g-unlimited/Z202205252
Z202205252_구글원+보상패스,LGU+,플러스플랜105 (구글원+보상패스),추가데이터,테더링+쉐어링 100GB,,,,,False,,,https://www.lguplus.com/mobile/plan/mplan/5g-all/5g-unlimited/Z202205252
Z202205253_디즈니+,LGU+,플러스플랜130 (디즈니+),OTT/구독,디즈니+,디즈니+,,9900,0,True,프리미엄플러스(택1),"정가 9,900원 중 월 0원 부담",https://www.lguplus.com/mobile/plan/mplan/5g-all/5g-unlimited/Z202205253
Z202205253_디즈니+,LGU+,플러스플랜130 (디즈니+),스마트기기,"2대 월정액 할인(최대 33,000원)",,,,,False,,,https://www.lguplus.com/mobile/plan/mplan/5g-all/5g-unlimited/Z202205253
Z202205253_디즈니+,LGU+,플러스플랜130 (디즈니+),OTT/구독,구글원,구글 원,,,,True,데일리플러스(택1),,https://www.lguplus.com/mobile/plan/mplan/5g-all/5g-unlimited/Z202205253
Z202205253_디즈니+,LGU+,플러스플랜130 (디즈니+),기타,모아진,,,,,True,데일리플러스(택1),,https://www.lguplus.com/mobile/plan/mplan/5g-all/5g-unlimited/Z202205253
Z202205253_디즈니+,LGU+,플러스플랜130 (디즈니+),기타,교보문고 sam,,,,,True,데일리플러스(택1),,https://www.lguplus.com/mobile/plan/mplan/5g-all/5g-unlimited/Z202205253
Z202205253_디즈니+,LGU+,플러스플랜130 (디즈니+),OTT/구독,지니뮤직,지니뮤직,,,,True,데일리플러스(택1),,https://www.lguplus.com/mobile/plan/mplan/5g-all/5g-unlimited/Z202205253
Z202205253_디즈니+,LGU+,플러스플랜130 (디즈니+),OTT/구독,밀리의 서재,밀리의서재,,,,True,데일리플러스(택1),,https://www.lguplus.com/mobile/plan/mplan/5g-all/5g-unlimited/Z202205253
Z202205253_디즈니+,LGU+,플러스플랜130 (디즈니+),추가데이터,테더링+쉐어링 120GB,,,,,False,,,https://www.lguplus.com/mobile/plan/mplan/5g-all/5g-unlimited/Z202205253
Z202205253_디즈니+,LGU+,플러스플랜130 (디즈니+),추가데이터,참 쉬운 가족 데이터 60GB,,,,,False,,,https://www.lguplus.com/mobile/plan/mplan/5g-all/5g-unlimited/Z202205253
Z202205253_유튜브 프리미엄,LGU+,플러스플랜130 (유튜브 프리미엄),OTT/구독,유튜브 프리미엄,유튜브 프리미엄,,14900,4450,True,프리미엄플러스(택1),"정가 14,900원 중 월 4,450원 부담",https://www.lguplus.com/mobile/plan/mplan/5g-all/5g-unlimited/Z202205253
Z202205253_유튜브 프리미엄,LGU+,플러스플랜130 (유튜브 프리미엄),스마트기기,"2대 월정액 할인(최대 33,000원)",,,,,False,,,https://www.lguplus.com/mobile/plan/mplan/5g-all/5g-unlimited/Z202205253
Z202205253_유튜브 프리미엄,LGU+,플러스플랜130 (유튜브 프리미엄),OTT/구독,구글원,구글 원,,,,True,데일리플러스(택1),,https://www.lguplus.com/mobile/plan/mplan/5g-all/5g-unlimited/Z202205253
Z202205253_유튜브 프리미엄,LGU+,플러스플랜130 (유튜브 프리미엄),기타,모아진,,,,,True,데일리플러스(택1),,https://www.lguplus.com/mobile/plan/mplan/5g-all/5g-unlimited/Z202205253
Z202205253_유튜브 프리미엄,LGU+,플러스플랜130 (유튜브 프리미엄),기타,교보문고 sam,,,,,True,데일리플러스(택1),,https://www.lguplus.com/mobile/plan/mplan/5g-all/5g-unlimited/Z202205253
Z202205253_유튜브 프리미엄,LGU+,플러스플랜130 (유튜브 프리미엄),OTT/구독,지니뮤직,지니뮤직,,,,True,데일리플러스(택1),,https://www.lguplus.com/mobile/plan/mplan/5g-all/5g-unlimited/Z202205253
Z202205253_유튜브 프리미엄,LGU+,플러스플랜130 (유튜브 프리미엄),OTT/구독,밀리의 서재,밀리의서재,,,,True,데일리플러스(택1),,https://www.lguplus.com/mobile/plan/mplan/5g-all/5g-unlimited/Z202205253
Z202205253_유튜브 프리미엄,LGU+,플러스플랜130 (유튜브 프리미엄),추가데이터,테더링+쉐어링 120GB,,,,,False,,,https://www.lguplus.com/mobile/plan/mplan/5g-all/5g-unlimited/Z202205253
Z202205253_유튜브 프리미엄,LGU+,플러스플랜130 (유튜브 프리미엄),추가데이터,참 쉬운 가족 데이터 60GB,,,,,False,,,https://www.lguplus.com/mobile/plan/mplan/5g-all/5g-unlimited/Z202205253
Z202205253_우리집지킴이Easy2+,LGU+,플러스플랜130 (우리집지킴이Easy2+),기타,우리집지킴이Easy2+,,,11000,0,True,프리미엄플러스(택1),"정가 11,000원 중 월 0원 부담",https://www.lguplus.com/mobile/plan/mplan/5g-all/5g-unlimited/Z202205253
Z202205253_우리집지킴이Easy2+,LGU+,플러스플랜130 (우리집지킴이Easy2+),스마트기기,"2대 월정액 할인(최대 33,000원)",,,,,False,,,https://www.lguplus.com/mobile/plan/mplan/5g-all/5g-unlimited/Z202205253
Z202205253_우리집지킴이Easy2+,LGU+,플러스플랜130 (우리집지킴이Easy2+),OTT/구독,구글원,구글 원,,,,True,데일리플러스(택1),,https://www.lguplus.com/mobile/plan/mplan/5g-all/5g-unlimited/Z202205253
Z202205253_우리집지킴이Easy2+,LGU+,플러스플랜130 (우리집지킴이Easy2+),기타,모아진,,,,,True,데일리플러스(택1),,https://www.lguplus.com/mobile/plan/mplan/5g-all/5g-unlimited/Z202205253
Z202205253_우리집지킴이Easy2+,LGU+,플러스플랜130 (우리집지킴이Easy2+),기타,교보문고 sam,,,,,True,데일리플러스(택1),,https://www.lguplus.com/mobile/plan/mplan/5g-all/5g-unlimited/Z202205253
Z202205253_우리집지킴이Easy2+,LGU+,플러스플랜130 (우리집지킴이Easy2+),OTT/구독,지니뮤직,지니뮤직,,,,True,데일리플러스(택1),,https://www.lguplus.com/mobile/plan/mplan/5g-all/5g-unlimited/Z202205253
Z202205253_우리집지킴이Easy2+,LGU+,플러스플랜130 (우리집지킴이Easy2+),OTT/구독,밀리의 서재,밀리의서재,,,,True,데일리플러스(택1),,https://www.lguplus.com/mobile/plan/mplan/5g-all/5g-unlimited/Z202205253
Z202205253_우리집지킴이Easy2+,LGU+,플러스플랜130 (우리집지킴이Easy2+),추가데이터,테더링+쉐어링 120GB,,,,,False,,,https://www.lguplus.com/mobile/plan/mplan/5g-all/5g-unlimited/Z202205253
Z202205253_우리집지킴이Easy2+,LGU+,플러스플랜130 (우리집지킴이Easy2+),추가데이터,참 쉬운 가족 데이터 60GB,,,,,False,,,https://www.lguplus.com/mobile/plan/mplan/5g-all/5g-unlimited/Z202205253
Z202205253_데일리,LGU+,플러스플랜130 (데일리),OTT/구독,데일리,데일리플러스,,0,0,True,프리미엄플러스(택1),정가 0원 중 월 0원 부담,https://www.lguplus.com/mobile/plan/mplan/5g-all/5g-unlimited/Z202205253
Z202205253_데일리,LGU+,플러스플랜130 (데일리),스마트기기,"2대 월정액 할인(최대 33,000원)",,,,,False,,,https://www.lguplus.com/mobile/plan/mplan/5g-all/5g-unlimited/Z202205253
Z202205253_데일리,LGU+,플러스플랜130 (데일리),OTT/구독,구글원,구글 원,,,,True,데일리플러스(택1),,https://www.lguplus.com/mobile/plan/mplan/5g-all/5g-unlimited/Z202205253
Z202205253_데일리,LGU+,플러스플랜130 (데일리),기타,모아진,,,,,True,데일리플러스(택1),,https://www.lguplus.com/mobile/plan/mplan/5g-all/5g-unlimited/Z202205253
Z202205253_데일리,LGU+,플러스플랜130 (데일리),기타,교보문고 sam,,,,,True,데일리플러스(택1),,https://www.lguplus.com/mobile/plan/mplan/5g-all/5g-unlimited/Z202205253
Z202205253_데일리,LGU+,플러스플랜130 (데일리),OTT/구독,지니뮤직,지니뮤직,,,,True,데일리플러스(택1),,https://www.lguplus.com/mobile/plan/mplan/5g-all/5g-unlimited/Z202205253
Z202205253_데일리,LGU+,플러스플랜130 (데일리),OTT/구독,밀리의 서재,밀리의서재,,,,True,데일리플러스(택1),,https://www.lguplus.com/mobile/plan/mplan/5g-all/5g-unlimited/Z202205253
Z202205253_데일리,LGU+,플러스플랜130 (데일리),추가데이터,테더링+쉐어링 120GB,,,,,False,,,https://www.lguplus.com/mobile/plan/mplan/5g-all/5g-unlimited/Z202205253
Z202205253_데일리,LGU+,플러스플랜130 (데일리),추가데이터,참 쉬운 가족 데이터 60GB,,,,,False,,,https://www.lguplus.com/mobile/plan/mplan/5g-all/5g-unlimited/Z202205253
Z202205253_삼성디바이스,LGU+,플러스플랜130 (삼성디바이스),스마트기기,삼성디바이스,삼성 디바이스,,10790,0,True,프리미엄플러스(택1),"정가 10,790원 중 월 0원 부담",https://www.lguplus.com/mobile/plan/mplan/5g-all/5g-unlimited/Z202205253
Z202205253_삼성디바이스,LGU+,플러스플랜130 (삼성디바이스),스마트기기,"2대 월정액 할인(최대 33,000원)",,,,,False,,,https://www.lguplus.com/mobile/plan/mplan/5g-all/5g-unlimited/Z202205253
Z202205253_삼성디바이스,LGU+,플러스플랜130 (삼성디바이스),OTT/구독,구글원,구글 원,,,,True,데일리플러스(택1),,https://www.lguplus.com/mobile/plan/mplan/5g-all/5g-unlimited/Z202205253
Z202205253_삼성디바이스,LGU+,플러스플랜130 (삼성디바이스),기타,모아진,,,,,True,데일리플러스(택1),,https://www.lguplus.com/mobile/plan/mplan/5g-all/5g-unlimited/Z202205253
Z202205253_삼성디바이스,LGU+,플러스플랜130 (삼성디바이스),기타,교보문고 sam,,,,,True,데일리플러스(택1),,https://www.lguplus.com/mobile/plan/mplan/5g-all/5g-unlimited/Z202205253
Z202205253_삼성디바이스,LGU+,플러스플랜130 (삼성디바이스),OTT/구독,지니뮤직,지니뮤직,,,,True,데일리플러스(택1),,https://www.lguplus.com/mobile/plan/mplan/5g-all/5g-unlimited/Z202205253
Z202205253_삼성디바이스,LGU+,플러스플랜130 (삼성디바이스),OTT/구독,밀리의 서재,밀리의서재,,,,True,데일리플러스(택1),,https://www.lguplus.com/mobile/plan/mplan/5g-all/5g-unlimited/Z202205253
Z202205253_삼성디바이스,LGU+,플러스플랜130 (삼성디바이스),추가데이터,테더링+쉐어링 120GB,,,,,False,,,https://www.lguplus.com/mobile/plan/mplan/5g-all/5g-unlimited/Z202205253
Z202205253_삼성디바이스,LGU+,플러스플랜130 (삼성디바이스),추가데이터,참 쉬운 가족 데이터 60GB,,,,,False,,,https://www.lguplus.com/mobile/plan/mplan/5g-all/5g-unlimited/Z202205253
Z202205253_우리집돌봄이Kids,LGU+,플러스플랜130 (우리집돌봄이Kids),기타,우리집돌봄이Kids,,,12100,0,True,프리미엄플러스(택1),"정가 12,100원 중 월 0원 부담",https://www.lguplus.com/mobile/plan/mplan/5g-all/5g-unlimited/Z202205253
Z202205253_우리집돌봄이Kids,LGU+,플러스플랜130 (우리집돌봄이Kids),스마트기기,"2대 월정액 할인(최대 33,000원)",,,,,False,,,https://www.lguplus.com/mobile/plan/mplan/5g-all/5g-unlimited/Z202205253
Z202205253_우리집돌봄이Kids,LGU+,플러스플랜130 (우리집돌봄이Kids),OTT/구독,구글원,구글 원,,,,True,데일리플러스(택1),,https://www.lguplus.com/mobile/plan/mplan/5g-all/5g-unlimited/Z202205253
Z202205253_우리집돌봄이Kids,LGU+,플러스플랜130 (우리집돌봄이Kids),기타,모아진,,,,,True,데일리플러스(택1),,https://www.lguplus.com/mobile/plan/mplan/5g-all/5g-unlimited/Z202205253
Z202205253_우리집돌봄이Kids,LGU+,플러스플랜130 (우리집돌봄이Kids),기타,교보문고 sam,,,,,True,데일리플러스(택1),,https://www.lguplus.com/mobile/plan/mplan/5g-all/5g-unlimited/Z202205253
Z202205253_우리집돌봄이Kids,LGU+,플러스플랜130 (우리집돌봄이Kids),OTT/구독,지니뮤직,지니뮤직,,,,True,데일리플러스(택1),,https://www.lguplus.com/mobile/plan/mplan/5g-all/5g-unlimited/Z202205253
Z202205253_우리집돌봄이Kids,LGU+,플러스플랜130 (우리집돌봄이Kids),OTT/구독,밀리의 서재,밀리의서재,,,,True,데일리플러스(택1),,https://www.lguplus.com/mobile/plan/mplan/5g-all/5g-unlimited/Z202205253
Z202205253_우리집돌봄이Kids,LGU+,플러스플랜130 (우리집돌봄이Kids),추가데이터,테더링+쉐어링 120GB,,,,,False,,,https://www.lguplus.com/mobile/plan/mplan/5g-all/5g-unlimited/Z202205253
Z202205253_우리집돌봄이Kids,LGU+,플러스플랜130 (우리집돌봄이Kids),추가데이터,참 쉬운 가족 데이터 60GB,,,,,False,,,https://www.lguplus.com/mobile/plan/mplan/5g-all/5g-unlimited/Z202205253
Z202205253_우리집지킴이도어캠,LGU+,플러스플랜130 (우리집지킴이도어캠),기타,우리집지킴이도어캠,,,14300,0,True,프리미엄플러스(택1),"정가 14,300원 중 월 0원 부담",https://www.lguplus.com/mobile/plan/mplan/5g-all/5g-unlimited/Z202205253
Z202205253_우리집지킴이도어캠,LGU+,플러스플랜130 (우리집지킴이도어캠),스마트기기,"2대 월정액 할인(최대 33,000원)",,,,,False,,,https://www.lguplus.com/mobile/plan/mplan/5g-all/5g-unlimited/Z202205253
Z202205253_우리집지킴이도어캠,LGU+,플러스플랜130 (우리집지킴이도어캠),OTT/구독,구글원,구글 원,,,,True,데일리플러스(택1),,https://www.lguplus.com/mobile/plan/mplan/5g-all/5g-unlimited/Z202205253
Z202205253_우리집지킴이도어캠,LGU+,플러스플랜130 (우리집지킴이도어캠),기타,모아진,,,,,True,데일리플러스(택1),,https://www.lguplus.com/mobile/plan/mplan/5g-all/5g-unlimited/Z202205253
Z202205253_우리집지킴이도어캠,LGU+,플러스플랜130 (우리집지킴이도어캠),기타,교보문고 sam,,,,,True,데일리플러스(택1),,https://www.lguplus.com/mobile/plan/mplan/5g-all/5g-unlimited/Z202205253
Z202205253_우리집지킴이도어캠,LGU+,플러스플랜130 (우리집지킴이도어캠),OTT/구독,지니뮤직,지니뮤직,,,,True,데일리플러스(택1),,https://www.lguplus.com/mobile/plan/mplan/5g-all/5g-unlimited/Z202205253
Z202205253_우리집지킴이도어캠,LGU+,플러스플랜130 (우리집지킴이도어캠),OTT/구독,밀리의 서재,밀리의서재,,,,True,데일리플러스(택1),,https://www.lguplus.com/mobile/plan/mplan/5g-all/5g-unlimited/Z202205253
Z202205253_우리집지킴이도어캠,LGU+,플러스플랜130 (우리집지킴이도어캠),추가데이터,테더링+쉐어링 120GB,,,,,False,,,https://www.lguplus.com/mobile/plan/mplan/5g-all/5g-unlimited/Z202205253
Z202205253_우리집지킴이도어캠,LGU+,플러스플랜130 (우리집지킴이도어캠),추가데이터,참 쉬운 가족 데이터 60GB,,,,,False,,,https://www.lguplus.com/mobile/plan/mplan/5g-all/5g-unlimited/Z202205253
Z202205253_애플디바이스,LGU+,플러스플랜130 (애플디바이스),스마트기기,애플디바이스,애플 디바이스,,8560,0,True,프리미엄플러스(택1),"정가 8,560원 중 월 0원 부담",https://www.lguplus.com/mobile/plan/mplan/5g-all/5g-unlimited/Z202205253
Z202205253_애플디바이스,LGU+,플러스플랜130 (애플디바이스),스마트기기,"2대 월정액 할인(최대 33,000원)",,,,,False,,,https://www.lguplus.com/mobile/plan/mplan/5g-all/5g-unlimited/Z202205253
Z202205253_애플디바이스,LGU+,플러스플랜130 (애플디바이스),OTT/구독,구글원,구글 원,,,,True,데일리플러스(택1),,https://www.lguplus.com/mobile/plan/mplan/5g-all/5g-unlimited/Z202205253
Z202205253_애플디바이스,LGU+,플러스플랜130 (애플디바이스),기타,모아진,,,,,True,데일리플러스(택1),,https://www.lguplus.com/mobile/plan/mplan/5g-all/5g-unlimited/Z202205253
Z202205253_애플디바이스,LGU+,플러스플랜130 (애플디바이스),기타,교보문고 sam,,,,,True,데일리플러스(택1),,https://www.lguplus.com/mobile/plan/mplan/5g-all/5g-unlimited/Z202205253
Z202205253_애플디바이스,LGU+,플러스플랜130 (애플디바이스),OTT/구독,지니뮤직,지니뮤직,,,,True,데일리플러스(택1),,https://www.lguplus.com/mobile/plan/mplan/5g-all/5g-unlimited/Z202205253
Z202205253_애플디바이스,LGU+,플러스플랜130 (애플디바이스),OTT/구독,밀리의 서재,밀리의서재,,,,True,데일리플러스(택1),,https://www.lguplus.com/mobile/plan/mplan/5g-all/5g-unlimited/Z202205253
Z202205253_애플디바이스,LGU+,플러스플랜130 (애플디바이스),추가데이터,테더링+쉐어링 120GB,,,,,False,,,https://www.lguplus.com/mobile/plan/mplan/5g-all/5g-unlimited/Z202205253
Z202205253_애플디바이스,LGU+,플러스플랜130 (애플디바이스),추가데이터,참 쉬운 가족 데이터 60GB,,,,,False,,,https://www.lguplus.com/mobile/plan/mplan/5g-all/5g-unlimited/Z202205253
Z202205253_티빙,LGU+,플러스플랜130 (티빙),OTT/구독,티빙,티빙,,17000,7500,True,프리미엄플러스(택1),"정가 17,000원 중 월 7,500원 부담",https://www.lguplus.com/mobile/plan/mplan/5g-all/5g-unlimited/Z202205253
Z202205253_티빙,LGU+,플러스플랜130 (티빙),스마트기기,"2대 월정액 할인(최대 33,000원)",,,,,False,,,https://www.lguplus.com/mobile/plan/mplan/5g-all/5g-unlimited/Z202205253
Z202205253_티빙,LGU+,플러스플랜130 (티빙),OTT/구독,구글원,구글 원,,,,True,데일리플러스(택1),,https://www.lguplus.com/mobile/plan/mplan/5g-all/5g-unlimited/Z202205253
Z202205253_티빙,LGU+,플러스플랜130 (티빙),기타,모아진,,,,,True,데일리플러스(택1),,https://www.lguplus.com/mobile/plan/mplan/5g-all/5g-unlimited/Z202205253
Z202205253_티빙,LGU+,플러스플랜130 (티빙),기타,교보문고 sam,,,,,True,데일리플러스(택1),,https://www.lguplus.com/mobile/plan/mplan/5g-all/5g-unlimited/Z202205253
Z202205253_티빙,LGU+,플러스플랜130 (티빙),OTT/구독,지니뮤직,지니뮤직,,,,True,데일리플러스(택1),,https://www.lguplus.com/mobile/plan/mplan/5g-all/5g-unlimited/Z202205253
Z202205253_티빙,LGU+,플러스플랜130 (티빙),OTT/구독,밀리의 서재,밀리의서재,,,,True,데일리플러스(택1),,https://www.lguplus.com/mobile/plan/mplan/5g-all/5g-unlimited/Z202205253
Z202205253_티빙,LGU+,플러스플랜130 (티빙),추가데이터,테더링+쉐어링 120GB,,,,,False,,,https://www.lguplus.com/mobile/plan/mplan/5g-all/5g-unlimited/Z202205253
Z202205253_티빙,LGU+,플러스플랜130 (티빙),추가데이터,참 쉬운 가족 데이터 60GB,,,,,False,,,https://www.lguplus.com/mobile/plan/mplan/5g-all/5g-unlimited/Z202205253
Z202205253_마니아디바이스,LGU+,플러스플랜130 (마니아디바이스),스마트기기,마니아디바이스,,,16400,0,True,프리미엄플러스(택1),"정가 16,400원 중 월 0원 부담",https://www.lguplus.com/mobile/plan/mplan/5g-all/5g-unlimited/Z202205253
Z202205253_마니아디바이스,LGU+,플러스플랜130 (마니아디바이스),스마트기기,"2대 월정액 할인(최대 33,000원)",,,,,False,,,https://www.lguplus.com/mobile/plan/mplan/5g-all/5g-unlimited/Z202205253
Z202205253_마니아디바이스,LGU+,플러스플랜130 (마니아디바이스),OTT/구독,구글원,구글 원,,,,True,데일리플러스(택1),,https://www.lguplus.com/mobile/plan/mplan/5g-all/5g-unlimited/Z202205253
Z202205253_마니아디바이스,LGU+,플러스플랜130 (마니아디바이스),기타,모아진,,,,,True,데일리플러스(택1),,https://www.lguplus.com/mobile/plan/mplan/5g-all/5g-unlimited/Z202205253
Z202205253_마니아디바이스,LGU+,플러스플랜130 (마니아디바이스),기타,교보문고 sam,,,,,True,데일리플러스(택1),,https://www.lguplus.com/mobile/plan/mplan/5g-all/5g-unlimited/Z202205253
Z202205253_마니아디바이스,LGU+,플러스플랜130 (마니아디바이스),OTT/구독,지니뮤직,지니뮤직,,,,True,데일리플러스(택1),,https://www.lguplus.com/mobile/plan/mplan/5g-all/5g-unlimited/Z202205253
Z202205253_마니아디바이스,LGU+,플러스플랜130 (마니아디바이스),OTT/구독,밀리의 서재,밀리의서재,,,,True,데일리플러스(택1),,https://www.lguplus.com/mobile/plan/mplan/5g-all/5g-unlimited/Z202205253
Z202205253_마니아디바이스,LGU+,플러스플랜130 (마니아디바이스),추가데이터,테더링+쉐어링 120GB,,,,,False,,,https://www.lguplus.com/mobile/plan/mplan/5g-all/5g-unlimited/Z202205253
Z202205253_마니아디바이스,LGU+,플러스플랜130 (마니아디바이스),추가데이터,참 쉬운 가족 데이터 60GB,,,,,False,,,https://www.lguplus.com/mobile/plan/mplan/5g-all/5g-unlimited/Z202205253
Z202205253_AI 구독,LGU+,플러스플랜130 (AI 구독),OTT/구독,AI 구독,Google AI,,52900,0,True,프리미엄플러스(택1),"정가 52,900원 중 월 0원 부담",https://www.lguplus.com/mobile/plan/mplan/5g-all/5g-unlimited/Z202205253
Z202205253_AI 구독,LGU+,플러스플랜130 (AI 구독),스마트기기,"2대 월정액 할인(최대 33,000원)",,,,,False,,,https://www.lguplus.com/mobile/plan/mplan/5g-all/5g-unlimited/Z202205253
Z202205253_AI 구독,LGU+,플러스플랜130 (AI 구독),OTT/구독,구글원,구글 원,,,,True,데일리플러스(택1),,https://www.lguplus.com/mobile/plan/mplan/5g-all/5g-unlimited/Z202205253
Z202205253_AI 구독,LGU+,플러스플랜130 (AI 구독),기타,모아진,,,,,True,데일리플러스(택1),,https://www.lguplus.com/mobile/plan/mplan/5g-all/5g-unlimited/Z202205253
Z202205253_AI 구독,LGU+,플러스플랜130 (AI 구독),기타,교보문고 sam,,,,,True,데일리플러스(택1),,https://www.lguplus.com/mobile/plan/mplan/5g-all/5g-unlimited/Z202205253
Z202205253_AI 구독,LGU+,플러스플랜130 (AI 구독),OTT/구독,지니뮤직,지니뮤직,,,,True,데일리플러스(택1),,https://www.lguplus.com/mobile/plan/mplan/5g-all/5g-unlimited/Z202205253
Z202205253_AI 구독,LGU+,플러스플랜130 (AI 구독),OTT/구독,밀리의 서재,밀리의서재,,,,True,데일리플러스(택1),,https://www.lguplus.com/mobile/plan/mplan/5g-all/5g-unlimited/Z202205253
Z202205253_AI 구독,LGU+,플러스플랜130 (AI 구독),추가데이터,테더링+쉐어링 120GB,,,,,False,,,https://www.lguplus.com/mobile/plan/mplan/5g-all/5g-unlimited/Z202205253
Z202205253_AI 구독,LGU+,플러스플랜130 (AI 구독),추가데이터,참 쉬운 가족 데이터 60GB,,,,,False,,,https://www.lguplus.com/mobile/plan/mplan/5g-all/5g-unlimited/Z202205253
Z202205253_구글 원,LGU+,플러스플랜130 (구글 원),OTT/구독,구글 원,구글 원,,29000,4000,True,프리미엄플러스(택1),"정가 29,000원 중 월 4,000원 부담",https://www.lguplus.com/mobile/plan/mplan/5g-all/5g-unlimited/Z202205253
Z202205253_구글 원,LGU+,플러스플랜130 (구글 원),스마트기기,"2대 월정액 할인(최대 33,000원)",,,,,False,,,https://www.lguplus.com/mobile/plan/mplan/5g-all/5g-unlimited/Z202205253
Z202205253_구글 원,LGU+,플러스플랜130 (구글 원),OTT/구독,구글원,구글 원,,,,True,데일리플러스(택1),,https://www.lguplus.com/mobile/plan/mplan/5g-all/5g-unlimited/Z202205253
Z202205253_구글 원,LGU+,플러스플랜130 (구글 원),기타,모아진,,,,,True,데일리플러스(택1),,https://www.lguplus.com/mobile/plan/mplan/5g-all/5g-unlimited/Z202205253
Z202205253_구글 원,LGU+,플러스플랜130 (구글 원),기타,교보문고 sam,,,,,True,데일리플러스(택1),,https://www.lguplus.com/mobile/plan/mplan/5g-all/5g-unlimited/Z202205253
Z202205253_구글 원,LGU+,플러스플랜130 (구글 원),OTT/구독,지니뮤직,지니뮤직,,,,True,데일리플러스(택1),,https://www.lguplus.com/mobile/plan/mplan/5g-all/5g-unlimited/Z202205253
Z202205253_구글 원,LGU+,플러스플랜130 (구글 원),OTT/구독,밀리의 서재,밀리의서재,,,,True,데일리플러스(택1),,https://www.lguplus.com/mobile/plan/mplan/5g-all/5g-unlimited/Z202205253
Z202205253_구글 원,LGU+,플러스플랜130 (구글 원),추가데이터,테더링+쉐어링 120GB,,,,,False,,,https://www.lguplus.com/mobile/plan/mplan/5g-all/5g-unlimited/Z202205253
Z202205253_구글 원,LGU+,플러스플랜130 (구글 원),추가데이터,참 쉬운 가족 데이터 60GB,,,,,False,,,https://www.lguplus.com/mobile/plan/mplan/5g-all/5g-unlimited/Z202205253
Z202205253_넷플릭스,LGU+,플러스플랜130 (넷플릭스),OTT/구독,넷플릭스,넷플릭스,,17000,3500,True,프리미엄플러스(택1),"정가 17,000원 중 월 3,500원 부담",https://www.lguplus.com/mobile/plan/mplan/5g-all/5g-unlimited/Z202205253
Z202205253_넷플릭스,LGU+,플러스플랜130 (넷플릭스),스마트기기,"2대 월정액 할인(최대 33,000원)",,,,,False,,,https://www.lguplus.com/mobile/plan/mplan/5g-all/5g-unlimited/Z202205253
Z202205253_넷플릭스,LGU+,플러스플랜130 (넷플릭스),OTT/구독,구글원,구글 원,,,,True,데일리플러스(택1),,https://www.lguplus.com/mobile/plan/mplan/5g-all/5g-unlimited/Z202205253
Z202205253_넷플릭스,LGU+,플러스플랜130 (넷플릭스),기타,모아진,,,,,True,데일리플러스(택1),,https://www.lguplus.com/mobile/plan/mplan/5g-all/5g-unlimited/Z202205253
Z202205253_넷플릭스,LGU+,플러스플랜130 (넷플릭스),기타,교보문고 sam,,,,,True,데일리플러스(택1),,https://www.lguplus.com/mobile/plan/mplan/5g-all/5g-unlimited/Z202205253
Z202205253_넷플릭스,LGU+,플러스플랜130 (넷플릭스),OTT/구독,지니뮤직,지니뮤직,,,,True,데일리플러스(택1),,https://www.lguplus.com/mobile/plan/mplan/5g-all/5g-unlimited/Z202205253
Z202205253_넷플릭스,LGU+,플러스플랜130 (넷플릭스),OTT/구독,밀리의 서재,밀리의서재,,,,True,데일리플러스(택1),,https://www.lguplus.com/mobile/plan/mplan/5g-all/5g-unlimited/Z202205253
Z202205253_넷플릭스,LGU+,플러스플랜130 (넷플릭스),추가데이터,테더링+쉐어링 120GB,,,,,False,,,https://www.lguplus.com/mobile/plan/mplan/5g-all/5g-unlimited/Z202205253
Z202205253_넷플릭스,LGU+,플러스플랜130 (넷플릭스),추가데이터,참 쉬운 가족 데이터 60GB,,,,,False,,,https://www.lguplus.com/mobile/plan/mplan/5g-all/5g-unlimited/Z202205253
Z202205253_구글원+보상패스,LGU+,플러스플랜130 (구글원+보상패스),OTT/구독,구글원+보상패스,구글 원,,35000,21500,True,프리미엄플러스(택1),"정가 35,000원 중 월 21,500원 부담",https://www.lguplus.com/mobile/plan/mplan/5g-all/5g-unlimited/Z202205253
Z202205253_구글원+보상패스,LGU+,플러스플랜130 (구글원+보상패스),스마트기기,"2대 월정액 할인(최대 33,000원)",,,,,False,,,https://www.lguplus.com/mobile/plan/mplan/5g-all/5g-unlimited/Z202205253
Z202205253_구글원+보상패스,LGU+,플러스플랜130 (구글원+보상패스),OTT/구독,구글원,구글 원,,,,True,데일리플러스(택1),,https://www.lguplus.com/mobile/plan/mplan/5g-all/5g-unlimited/Z202205253
Z202205253_구글원+보상패스,LGU+,플러스플랜130 (구글원+보상패스),기타,모아진,,,,,True,데일리플러스(택1),,https://www.lguplus.com/mobile/plan/mplan/5g-all/5g-unlimited/Z202205253
Z202205253_구글원+보상패스,LGU+,플러스플랜130 (구글원+보상패스),기타,교보문고 sam,,,,,True,데일리플러스(택1),,https://www.lguplus.com/mobile/plan/mplan/5g-all/5g-unlimited/Z202205253
Z202205253_구글원+보상패스,LGU+,플러스플랜130 (구글원+보상패스),OTT/구독,지니뮤직,지니뮤직,,,,True,데일리플러스(택1),,https://www.lguplus.com/mobile/plan/mplan/5g-all/5g-unlimited/Z202205253
Z202205253_구글원+보상패스,LGU+,플러스플랜130 (구글원+보상패스),OTT/구독,밀리의 서재,밀리의서재,,,,True,데일리플러스(택1),,https://www.lguplus.com/mobile/plan/mplan/5g-all/5g-unlimited/Z202205253
Z202205253_구글원+보상패스,LGU+,플러스플랜130 (구글원+보상패스),추가데이터,테더링+쉐어링 120GB,,,,,False,,,https://www.lguplus.com/mobile/plan/mplan/5g-all/5g-unlimited/Z202205253
Z202205253_구글원+보상패스,LGU+,플러스플랜130 (구글원+보상패스),추가데이터,참 쉬운 가족 데이터 60GB,,,,,False,,,https://www.lguplus.com/mobile/plan/mplan/5g-all/5g-unlimited/Z202205253
Z202605251,LGU+,데이터플랜MAX,멤버십,VIP 등급,,,,,False,,,https://www.lguplus.com/mobile/plan/mplan/5g-all/5g-unlimited/Z202605251
Z202605251,LGU+,데이터플랜MAX,추가데이터,테더링+쉐어링 70GB,,,,,False,,,https://www.lguplus.com/mobile/plan/mplan/5g-all/5g-unlimited/Z202605251
Z202605252,LGU+,데이터플랜150GB,멤버십,VIP 등급,,,,,False,,,https://www.lguplus.com/mobile/plan/mplan/5g-all/5g-unlimited/Z202605252
