carrier_type,host_mno,mvno_brand,plan_id,base_plan_id,plan_id_type,plan_name,selected_option,plan_category,is_online_only,age_condition,signup_notice,network_gen,base_data_gb,extra_data_gb,data_gb,data_unlimited,data_throttle_speed,daily_data_gb,base_tethering_gb,extra_tethering_gb,tethering_gb,tethering_support,voice_unlimited,voice_minutes,voice_extra_minutes,sms_unlimited,sms_count,monthly_fee,discounted_fee,discount_type,discount_period_months,benefit_count,ott_option_count,ott_options,membership_grade,smart_device_benefit,extra_data_benefit,gift_benefit,subscriber_count,source_url,crawled_at
MNO,LGU+,,LPZ1006729,LPZ1006729,official_code,데이터플랜9GB(키즈+1GB),,LGU+-키즈,False,만 12세 이하,,5G,10.0,,10.0,False,1Mbps,,,,,undisclosed,True,,300,True,,47000,35250,선택약정 25% 할인,,1,0,,,,데이터 추가 제공,,,https://www.lguplus.com/mobile/plan/mplan/5g-all/5g-youth/LPZ1006729,2026-08-12T00:22:06.440169+00:00
MNO,LGU+,,LPZ1006734,LPZ1006734,official_code,데이터플랜5GB(키즈+1GB),,LGU+-키즈,False,만 12세 이하,,5G,6.0,,6.0,False,1Mbps,,,,,undisclosed,True,,300,True,,37000,27750,선택약정 25% 할인,,1,0,,,,데이터 추가 제공,,,https://www.lguplus.com/mobile/plan/mplan/5g-all/5g-youth/LPZ1006734,2026-08-12T00:22:06.440169+00:00
MNO,LGU+,,LPZ1006736,LPZ1006736,official_code,데이터플랜750MB(키즈+2.5GB),,LGU+-키즈,False,만 12세 이하,,5G,3.3,,3.3,False,400Kbps,,,,,undisclosed,True,,100,True,,29000,21750,선택약정 25% 할인,,1,0,,,,데이터 추가 제공,,,https://www.lguplus.com/mobile/plan/mplan/5g-all/5g-youth/LPZ1006736,2026-08-12T00:22:06.440169+00:00
MNO,LGU+,,LPZ1006737,LPZ1006737,official_code,데이터플랜300MB(키즈+0.7GB),,LGU+-키즈,False,만 12세 이하,,5G,1.0,,1.0,False,400Kbps,,,,,undisclosed,False,125,,True,,28000,21000,선택약정 25% 할인,,1,0,,,,데이터 추가 제공,,,https://www.lguplus.com/mobile/plan/mplan/5g-all/5g-youth/LPZ1006737,2026-08-12T00:22:06.440169+00:00
MNO,LGU+,,LPZ1007768,LPZ1007768,official_code,데이터플랜1.5GB(키즈+3.5GB),,LGU+-키즈,False,만 12세 이하,,5G,5.0,,5.0,False,400Kbps,,,,,undisclosed,True,,110,True,,33000,24750,선택약정 25% 할인,,1,0,,,,데이터 추가 제공,,,https://www.lguplus.com/mobile/plan/mplan/5g-all/5g-youth/LPZ1007768,2026-08-12T00:22:06.440169+00:00
MNO,LGU+,,LPZ1006740,LPZ1006740,official_code,데이터플랜9GB(청소년+2GB),,LGU+-청소년,False,만 18세 이하,,5G,11.0,,11.0,False,1Mbps,,,,,undisclosed,True,,300,True,,47000,35250,선택약정 25% 할인,,1,0,,,,데이터 추가 제공,,,https://www.lguplus.com/mobile/plan/mplan/5g-all/5g-youth/LPZ1006740,2026-08-12T00:22:06.440169+00:00
MNO,LGU+,,LPZ1006741,LPZ1006741,official_code,데이터플랜5GB(청소년+2GB),,LGU+-청소년,False,만 18세 이하,,5G,7.0,,7.0,False,400Kbps,,,,,undisclosed,True,,300,True,,37000,27750,선택약정 25% 할인,,1,0,,,,데이터 추가 제공,,,https://www.lguplus.com/mobile/plan/mplan/5g-all/5g-youth/LPZ1006741,2026-08-12T00:22:06.440169+00:00
MNO,LGU+,,LPZ1006742,LPZ1006742,official_code,데이터플랜1.5GB(청소년+1GB),,LGU+-청소년,False,만 18세 이하,,5G,2.5,,2.5,False,400Kbps,,,,,undisclosed,True,,110,True,,33000,24750,선택약정 25% 할인,,1,0,,,,데이터 추가 제공,,,https://www.lguplus.com/mobile/plan/mplan/5g-all/5g-youth/LPZ1006742,2026-08-12T00:22:06.440169+00:00
MNO,LGU+,,LPZ1007769,LPZ1007769,official_code,데이터플랜750MB(청소년+0.5GB),,LGU+-청소년,False,만 18세 이하,,5G,1.25,,1.25,False,400Kbps,,,,,undisclosed,False,125,,True,,29000,21750,선택약정 25% 할인,,1,0,,,,데이터 추가 제공,,,https://www.lguplus.com/mobile/plan/mplan/5g-all/5g-youth/LPZ1007769,2026-08-12T00:22:06.440169+00:00
MNO,LGU+,,LPZ1007770,LPZ1007770,official_code,데이터플랜300MB(청소년+0.7GB),,LGU+-청소년,False,만 18세 이하,,5G,1.0,,1.0,False,400Kbps,,,,,undisclosed,False,125,,True,,28000,21000,선택약정 25% 할인,,1,0,,,,데이터 추가 제공,,,https://www.lguplus.com/mobile/plan/mplan/5g-all/5g-youth/LPZ1007770,2026-08-12T00:22:06.440169+00:00
MNO,LGU+,,LPZ1007663,LPZ1007663,official_code,데이터플랜1.5GB(유쓰+0.5GB),,LGU+-청년(유쓰),False,만 34세 이하,,5G,2.0,,2.0,False,400Kbps,,,,,undisclosed,True,,110,True,,33000,24750,선택약정 25% 할인,,1,0,,,,데이터 추가 제공,,,https://www.lguplus.com/mobile/plan/mplan/5g-all/5g-young/LPZ1007663,2026-08-12T00:22:06.440169+00:00
MNO,LGU+,,LPZ1007699,LPZ1007699,official_code,데이터플랜150GB(유쓰+60GB),,LGU+-청년(유쓰),False,만 34세 이하,,5G,210.0,,210.0,False,5Mbps,,60.0,,60.0,quota,True,,300,True,,75000,56250,선택약정 25% 할인,,2,0,,VIP,,데이터 추가 제공,,,https://www.lguplus.com/mobile/plan/mplan/5g-all/5g-young/LPZ1007699,2026-08-12T00:22:06.440169+00:00
MNO,LGU+,,LPZ1007700,LPZ1007700,official_code,데이터플랜125GB(유쓰+60GB),,LGU+-청년(유쓰),False,만 34세 이하,,5G,185.0,,185.0,False,5Mbps,,55.0,,55.0,quota,True,,300,True,,70000,52500,선택약정 25% 할인,,1,0,,,,데이터 추가 제공,,,https://www.lguplus.com/mobile/plan/mplan/5g-all/5g-young/LPZ1007700,2026-08-12T00:22:06.440169+00:00
MNO,LGU+,,LPZ1007701,LPZ1007701,official_code,데이터플랜95GB(유쓰+40GB),,LGU+-청년(유쓰),False,만 34세 이하,,5G,135.0,,135.0,False,3Mbps,,50.0,,50.0,quota,True,,300,True,,68000,51000,선택약정 25% 할인,,1,0,,,,데이터 추가 제공,,,https://www.lguplus.com/mobile/plan/mplan/5g-all/5g-young/LPZ1007701,2026-08-12T00:22:06.440169+00:00
MNO,LGU+,,LPZ1007702,LPZ1007702,official_code,데이터플랜80GB(유쓰+30GB),,LGU+-청년(유쓰),False,만 34세 이하,,5G,110.0,,110.0,False,1Mbps,,45.0,,45.0,quota,True,,300,True,,66000,49500,선택약정 25% 할인,,1,0,,,,데이터 추가 제공,,,https://www.lguplus.com/mobile/plan/mplan/5g-all/5g-young/LPZ1007702,2026-08-12T00:22:06.440169+00:00
MNO,LGU+,,LPZ1007703,LPZ1007703,official_code,데이터플랜50GB(유쓰+20GB),,LGU+-청년(유쓰),False,만 34세 이하,,5G,70.0,,70.0,False,1Mbps,,40.0,,40.0,quota,True,,300,True,,63000,47250,선택약정 25% 할인,,1,0,,,,데이터 추가 제공,,,https://www.lguplus.com/mobile/plan/mplan/5g-all/5g-young/LPZ1007703,2026-08-12T00:22:06.440169+00:00
MNO,LGU+,,LPZ1007704,LPZ1007704,official_code,데이터플랜31GB(유쓰+10GB),,LGU+-청년(유쓰),False,만 34세 이하,,5G,41.0,,41.0,False,1Mbps,,,,,undisclosed,True,,300,True,,61000,45750,선택약정 25% 할인,,1,0,,,,데이터 추가 제공,,,https://www.lguplus.com/mobile/plan/mplan/5g-all/5g-young/LPZ1007704,2026-08-12T00:22:06.440169+00:00
MNO,LGU+,,LPZ1007705,LPZ1007705,official_code,데이터플랜24GB(유쓰+12GB),,LGU+-청년(유쓰),False,만 34세 이하,,5G,36.0,,36.0,False,1Mbps,,,,,undisclosed,True,,300,True,,59000,44250,선택약정 25% 할인,,1,0,,,,데이터 추가 제공,,,https://www.lguplus.com/mobile/plan/mplan/5g-all/5g-young/LPZ1007705,2026-08-12T00:22:06.440169+00:00
MNO,LGU+,,LPZ1007706,LPZ1007706,official_code,데이터플랜14GB(유쓰+12GB),,LGU+-청년(유쓰),False,만 34세 이하,,5G,26.0,,26.0,False,1Mbps,,,,,undisclosed,True,,300,True,,55000,41250,선택약정 25% 할인,,1,0,,,,데이터 추가 제공,,,https://www.lguplus.com/mobile/plan/mplan/5g-all/5g-young/LPZ1007706,2026-08-12T00:22:06.440169+00:00
MNO,LGU+,,LPZ1007707,LPZ1007707,official_code,데이터플랜9GB(유쓰+6GB),,LGU+-청년(유쓰),False,만 34세 이하,,5G,15.0,,15.0,False,400Kbps,,,,,undisclosed,True,,300,True,,47000,35250,선택약정 25% 할인,,1,0,,,,데이터 추가 제공,,,https://www.lguplus.com/mobile/plan/mplan/5g-all/5g-young/LPZ1007707,2026-08-12T00:22:06.440169+00:00
MNO,LGU+,,LPZ1007708,LPZ1007708,official_code,데이터플랜5GB(유쓰+4GB),,LGU+-청년(유쓰),False,만 34세 이하,,5G,9.0,,9.0,False,400Kbps,,,,,undisclosed,True,,300,True,,37000,27750,선택약정 25% 할인,,1,0,,,,데이터 추가 제공,,,https://www.lguplus.com/mobile/plan/mplan/5g-all/5g-young/LPZ1007708,2026-08-12T00:22:06.440169+00:00
MNO,LGU+,,LPZ1006743,LPZ1006743,official_code,데이터플랜9GB(시니어+3GB),,LGU+-시니어,False,만 65세 이상,,5G,12.0,,12.0,False,1Mbps,,,,,undisclosed,True,,400,True,,47000,35250,선택약정 25% 할인,,1,0,,,,데이터 추가 제공,,,https://www.lguplus.com/mobile/plan/mplan/5g-all/5g-senior/LPZ1006743,2026-08-12T00:22:06.440169+00:00
MNO,LGU+,,LPZ1006744,LPZ1006744,official_code,데이터플랜5GB(시니어+3GB),,LGU+-시니어,False,만 65세 이상,,5G,8.0,,8.0,False,400Kbps,,,,,undisclosed,True,,400,True,,37000,27750,선택약정 25% 할인,,1,0,,,,데이터 추가 제공,,,https://www.lguplus.com/mobile/plan/mplan/5g-all/5g-senior/LPZ1006744,2026-08-12T00:22:06.440169+00:00
MNO,LGU+,,LPZ1006745,LPZ1006745,official_code,데이터플랜750MB(시니어+0.5GB),,LGU+-시니어,False,만 65세 이상,,5G,1.25,,1.25,False,,,,,,undisclosed,True,,100,True,,29000,21750,선택약정 25% 할인,,1,0,,,,데이터 추가 제공,,,https://www.lguplus.com/mobile/plan/mplan/5g-all/5g-senior/LPZ1006745,2026-08-12T00:22:06.440169+00:00
MNO,LGU+,,LPZ1006746,LPZ1006746,official_code,데이터플랜1.5GB(시니어+1GB),,LGU+-시니어,False,만 65세 이상,,5G,2.5,,2.5,False,400Kbps,,,,,undisclosed,True,,110,True,,33000,24750,선택약정 25% 할인,,1,0,,,,데이터 추가 제공,,,https://www.lguplus.com/mobile/plan/mplan/5g-all/5g-senior/LPZ1006746,2026-08-12T00:22:06.440169+00:00
MNO,LGU+,,LPZ1007662,LPZ1007662,official_code,데이터플랜300MB(시니어+0.7GB),,LGU+-시니어,False,만 65세 이상,,5G,1.0,,1.0,False,400Kbps,,,,,undisclosed,True,,100,True,,28000,21000,선택약정 25% 할인,,1,0,,,,데이터 추가 제공,,,https://www.lguplus.com/mobile/plan/mplan/5g-all/5g-senior/LPZ1007662,2026-08-12T00:22:06.440169+00:00
MNO,LGU+,,LPZ1007437,LPZ1007437,official_code,데이터플랜MAX(Global),,LGU+-외국인(Global),False,외국인,,5G,,,,True,,,70.0,,70.0,quota,False,250,,False,250,85000,63750,선택약정 25% 할인,,3,0,,VIP,,테더링+쉐어링 70GB,,,https://www.lguplus.com/mobile/plan/mplan/5g-all/5g-foreigner/LPZ1007437,2026-08-12T00:22:06.440169+00:00
MNO,LGU+,,LPZ1007438,LPZ1007438,official_code,데이터플랜150GB(Global),,LGU+-외국인(Global),False,외국인,,5G,150.0,,150.0,False,5Mbps,,60.0,,60.0,quota,False,250,,False,250,75000,56250,선택약정 25% 할인,,2,0,,VIP,,,,,https://www.lguplus.com/mobile/plan/mplan/5g-all/5g-foreigner/LPZ1007438,2026-08-12T00:22:06.440169+00:00
MNO,LGU+,,LPZ1007439,LPZ1007439,official_code,데이터플랜80GB(Global),,LGU+-외국인(Global),False,외국인,,5G,80.0,,80.0,False,1Mbps,,45.0,,45.0,quota,False,250,,False,250,66000,49500,선택약정 25% 할인,,1,0,,,,,,,https://www.lguplus.com/mobile/plan/mplan/5g-all/5g-foreigner/LPZ1007439,2026-08-12T00:22:06.440169+00:00
MNO,LGU+,,LPZ1007440,LPZ1007440,official_code,데이터플랜31GB(Global),,LGU+-외국인(Global),False,외국인,,5G,31.0,,31.0,False,1Mbps,,,,,undisclosed,False,250,,False,250,61000,45750,선택약정 25% 할인,,1,0,,,,,,,https://www.lguplus.com/mobile/plan/mplan/5g-all/5g-foreigner/LPZ1007440,2026-08-12T00:22:06.440169+00:00
MNO,LGU+,,LPZ1007441,LPZ1007441,official_code,데이터플랜14GB(Global),,LGU+-외국인(Global),False,외국인,,5G,14.0,,14.0,False,1Mbps,,,,,undisclosed,False,250,,False,250,55000,41250,선택약정 25% 할인,,1,0,,,,,,,https://www.lguplus.com/mobile/plan/mplan/5g-all/5g-foreigner/LPZ1007441,2026-08-12T00:22:06.440169+00:00
MNO,LGU+,,LPZ1007442,LPZ1007442,official_code,데이터플랜9GB(Global),,LGU+-외국인(Global),False,외국인,,5G,9.0,,9.0,False,400Kbps,,,,,undisclosed,False,250,,False,250,47000,35250,선택약정 25% 할인,,1,0,,,,,,,https://www.lguplus.com/mobile/plan/mplan/5g-all/5g-foreigner/LPZ1007442,2026-08-12T00:22:06.440169+00:00
MNO,LGU+,,LPZ1007443,LPZ1007443,official_code,데이터플랜5GB(Global),,LGU+-외국인(Global),False,외국인,,5G,5.0,,5.0,False,400Kbps,,,,,undisclosed,False,250,,False,250,37000,27750,선택약정 25% 할인,,1,0,,,,,,,https://www.lguplus.com/mobile/plan/mplan/5g-all/5g-foreigner/LPZ1007443,2026-08-12T00:22:06.440169+00:00
MNO,LGU+,,LPZ1007630,LPZ1007630,official_code,데이터플랜150GB(Uth+60GB),,LGU+-외국인 청년(Uth),False,"외국인, 만 34세 이하",,5G,210.0,,210.0,False,5Mbps,,60.0,,60.0,quota,False,250,,False,250,75000,56250,선택약정 25% 할인,,2,0,,VIP,,"국제전화, 데이터 추가 제공",,,https://www.lguplus.com/mobile/plan/mplan/5g-all/5g-foreigner/LPZ1007630,2026-08-12T00:22:06.440169+00:00
MNO,LGU+,,LPZ1007631,LPZ1007631,official_code,데이터플랜80GB(Uth+30GB),,LGU+-외국인 청년(Uth),False,"외국인, 만 34세 이하",,5G,110.0,,110.0,False,1Mbps,,45.0,,45.0,quota,False,250,,False,250,66000,49500,선택약정 25% 할인,,1,0,,,,"국제전화, 데이터 추가 제공",,,https://www.lguplus.com/mobile/plan/mplan/5g-all/5g-foreigner/LPZ1007631,2026-08-12T00:22:06.440169+00:00
MNO,LGU+,,LPZ1007632,LPZ1007632,official_code,데이터플랜31GB(Uth+10GB),,LGU+-외국인 청년(Uth),False,"외국인, 만 34세 이하",,5G,41.0,,41.0,False,1Mbps,,,,,undisclosed,False,250,,False,250,61000,45750,선택약정 25% 할인,,1,0,,,,"국제전화, 데이터 추가 제공",,,https://www.lguplus.com/mobile/plan/mplan/5g-all/5g-foreigner/LPZ1007632,2026-08-12T00:22:06.440169+00:00
MNO,LGU+,,LPZ1007633,LPZ1007633,official_code,데이터플랜14GB(Uth+12GB),,LGU+-외국인 청년(Uth),False,"외국인, 만 34세 이하",,5G,26.0,,26.0,False,1Mbps,,,,,undisclosed,False,250,,False,250,55000,41250,선택약정 25% 할인,,1,0,,,,"국제전화, 데이터 추가 제공",,,https://www.lguplus.com/mobile/plan/mplan/5g-all/5g-foreigner/LPZ1007633,2026-08-12T00:22:06.440169+00:00
MNO,LGU+,,LPZ1007634,LPZ1007634,official_code,데이터플랜9GB(Uth+6GB),,LGU+-외국인 청년(Uth),False,"외국인, 만 34세 이하",,5G,15.0,,15.0,False,400Kbps,,,,,undisclosed,False,250,,False,250,47000,35250,선택약정 25% 할인,,1,0,,,,"국제전화, 데이터 추가 제공",,,https://www.lguplus.com/mobile/plan/mplan/5g-all/5g-foreigner/LPZ1007634,2026-08-12T00:22:06.440169+00:00
MNO,LGU+,,LPZ1007635,LPZ1007635,official_code,데이터플랜5GB(Uth+4GB),,LGU+-외국인 청년(Uth),False,"외국인, 만 34세 이하",,5G,9.0,,9.0,False,400Kbps,,,,,undisclosed,False,250,,False,250,37000,27750,선택약정 25% 할인,,1,0,,,,"국제전화, 데이터 추가 제공",,,https://www.lguplus.com/mobile/plan/mplan/5g-all/5g-foreigner/LPZ1007635,2026-08-12T00:22:06.440169+00:00
MNO,LGU+,,LPZ1006521,LPZ1006521,official_code,데이터플랜1.5GB(복지+1GB),,LGU+-복지,False,복지카드 소지 시,,5G,2.5,,2.5,False,400Kbps,,,,,undisclosed,True,,300,True,,33000,24750,선택약정 25% 할인,,1,0,,,,데이터 추가 제공,,,https://www.lguplus.com/mobile/plan/mplan/5g-all/5g-welfare/LPZ1006521,2026-08-12T00:22:06.440169+00:00
MNO,LGU+,,LPZ1006941,LPZ1006941,official_code,데이터플랜150GB(복지),,LGU+-복지,False,복지카드 소지 시,,5G,150.0,,150.0,False,5Mbps,,60.0,,60.0,quota,True,,600,True,,75000,56250,선택약정 25% 할인,,2,0,,VIP,,,,,https://www.lguplus.com/mobile/plan/mplan/5g-all/5g-welfare/LPZ1006941,2026-08-12T00:22:06.440169+00:00
MNO,LGU+,,LPZ1006959,LPZ1006959,official_code,데이터플랜5GB(복지+1GB),,LGU+-복지,False,복지카드 소지 시,,5G,6.0,,6.0,False,400Kbps,,,,,undisclosed,True,,600,True,,37000,27750,선택약정 25% 할인,,1,0,,,,데이터 추가 제공,,,https://www.lguplus.com/mobile/plan/mplan/5g-all/5g-welfare/LPZ1006959,2026-08-12T00:22:06.440169+00:00
MNO,LGU+,,LPZ1007664,LPZ1007664,official_code,데이터플랜125GB(복지),,LGU+-복지,False,복지카드 소지 시,,5G,125.0,,125.0,False,5Mbps,,55.0,,55.0,quota,True,,600,True,,70000,52500,선택약정 25% 할인,,1,0,,,,,,,https://www.lguplus.com/mobile/plan/mplan/5g-all/5g-welfare/LPZ1007664,2026-08-12T00:22:06.440169+00:00
MNO,LGU+,,LPZ1007665,LPZ1007665,official_code,데이터플랜95GB(복지),,LGU+-복지,False,복지카드 소지 시,,5G,95.0,,95.0,False,3Mbps,,50.0,,50.0,quota,True,,600,True,,68000,51000,선택약정 25% 할인,,1,0,,,,,,,https://www.lguplus.com/mobile/plan/mplan/5g-all/5g-welfare/LPZ1007665,2026-08-12T00:22:06.440169+00:00
MNO,LGU+,,LPZ1007666,LPZ1007666,official_code,데이터플랜80GB(복지),,LGU+-복지,False,복지카드 소지 시,,5G,80.0,,80.0,False,1Mbps,,45.0,,45.0,quota,True,,600,True,,66000,49500,선택약정 25% 할인,,1,0,,,,,,,https://www.lguplus.com/mobile/plan/mplan/5g-all/5g-welfare/LPZ1007666,2026-08-12T00:22:06.440169+00:00
MNO,LGU+,,LPZ1007667,LPZ1007667,official_code,데이터플랜50GB(복지),,LGU+-복지,False,복지카드 소지 시,,5G,50.0,,50.0,False,1Mbps,,40.0,,40.0,quota,True,,600,True,,63000,47250,선택약정 25% 할인,,1,0,,,,,,,https://www.lguplus.com/mobile/plan/mplan/5g-all/5g-welfare/LPZ1007667,2026-08-12T00:22:06.440169+00:00
MNO,LGU+,,LPZ1007668,LPZ1007668,official_code,데이터플랜31GB(복지),,LGU+-복지,False,복지카드 소지 시,,5G,31.0,,31.0,False,1Mbps,,,,,undisclosed,True,,600,True,,61000,45750,선택약정 25% 할인,,1,0,,,,,,,https://www.lguplus.com/mobile/plan/mplan/5g-all/5g-welfare/LPZ1007668,2026-08-12T00:22:06.440169+00:00
MNO,LGU+,,LPZ1007669,LPZ1007669,official_code,데이터플랜24GB(복지),,LGU+-복지,False,복지카드 소지 시,,5G,24.0,,24.0,False,1Mbps,,,,,undisclosed,True,,600,True,,59000,44250,선택약정 25% 할인,,1,0,,,,,,,https://www.lguplus.com/mobile/plan/mplan/5g-all/5g-welfare/LPZ1007669,2026-08-12T00:22:06.440169+00:00
MNO,LGU+,,LPZ1007670,LPZ1007670,official_code,데이터플랜750MB(복지+0.5GB),,LGU+-복지,False,복지카드 소지 시,,5G,1.25,,1.25,False,400Kbps,,,,,undisclosed,False,125,,False,150,29000,21750,선택약정 25% 할인,,1,0,,,,데이터 추가 제공,,,https://www.lguplus.com/mobile/plan/mplan/5g-all/5g-welfare/LPZ1007670,2026-08-12T00:22:06.440169+00:00
MNO,LGU+,,LPZ1007671,LPZ1007671,official_code,데이터플랜300MB(복지+0.7GB),,LGU+-복지,False,복지카드 소지 시,,5G,1.0,,1.0,False,400Kbps,,,,,undisclosed,False,125,,False,150,28000,21000,선택약정 25% 할인,,1,0,,,,데이터 추가 제공,,,https://www.lguplus.com/mobile/plan/mplan/5g-all/5g-welfare/LPZ1007671,2026-08-12T00:22:06.440169+00:00
MNO,LGU+,,LPZ1007680,LPZ1007680,official_code,데이터플랜14GB(복지),,LGU+-복지,False,복지카드 소지 시,,5G,14.0,,14.0,False,1Mbps,,,,,undisclosed,True,,600,True,,55000,41250,선택약정 25% 할인,,1,0,,,,,,,https://www.lguplus.com/mobile/plan/mplan/5g-all/5g-welfare/LPZ1007680,2026-08-12T00:22:06.440169+00:00
MNO,LGU+,,LPZ1007712,LPZ1007712,official_code,데이터플랜9GB(복지+1GB),,LGU+-복지,False,복지카드 소지 시,,5G,10.0,,10.0,False,1Mbps,,,,,undisclosed,True,,600,True,,47000,35250,선택약정 25% 할인,,1,0,,,,데이터 추가 제공,,,https://www.lguplus.com/mobile/plan/mplan/5g-all/5g-welfare/LPZ1007712,2026-08-12T00:22:06.440169+00:00
MNO,LGU+,,LPZ0001204,LPZ0001204,official_code,LTE 표준 요금제,,LGU+-LTE,False,,,LTE,,,,False,,,,,,undisclosed,False,,,False,50,11990,8992,선택약정 25% 할인,,0,0,,,,,,,https://www.lguplus.com/mobile/plan/mplan/lte-all/lte-general/LPZ0001204,2026-08-12T00:22:06.440169+00:00
MNO,LGU+,,LPZ0002291,LPZ0002291,official_code,LTE 시니어 16.5 요금제(New 시니어 A),,LGU+-LTE,False,만 65세 이상,,LTE,0.293,,0.293,False,400Kbps,,,,,undisclosed,False,100,,False,150,16500,12375,선택약정 25% 할인,,0,0,,,,,,,https://www.lguplus.com/mobile/plan/mplan/lte-all/lte-senior/LPZ0002291,2026-08-12T00:22:06.440169+00:00
MNO,LGU+,,LPZ0002473,LPZ0002473,official_code,LTE 키즈 22(만 12세 이하),,LGU+-LTE,False,만 12세 이하,,LTE,0.684,,0.684,False,400Kbps,,,,,undisclosed,False,60,,True,,22000,16500,선택약정 25% 할인,,0,0,,,,,,,https://www.lguplus.com/mobile/plan/mplan/lte-all/lte-youth/LPZ0002473,2026-08-12T00:22:06.440169+00:00
MNO,LGU+,,LPZ0002506,LPZ0002506,official_code,현역병사 데이터 33,,LGU+-LTE,False,현역병사,,LTE,2.0,,2.0,False,3Mbps,,,,,undisclosed,True,,110,True,,33000,24750,선택약정 25% 할인,,0,0,,,,,,,https://www.lguplus.com/mobile/plan/mplan/lte-all/lte-soldier/LPZ0002506,2026-08-12T00:22:06.440169+00:00
MNO,LGU+,,LPZ0000596,LPZ0000596,official_code,LTE 다이렉트 22,,LGU+-온라인가입전용(너겟),True,,,LTE,1.8,,1.8,False,400Kbps,,,,,undisclosed,True,,100,True,,22000,,,,0,0,,,,,,,https://www.lguplus.com/mobile/plan/mplan/direct/nerget/LPZ0000596,2026-08-12T00:22:06.440169+00:00
MNO,LGU+,,LPZ1004890,LPZ1004890,official_code,너겟46,,LGU+-온라인가입전용(너겟),True,,,5G,81.0,,81.0,False,3Mbps,,50.0,,50.0,quota,True,,300,True,,46000,,,,0,0,,,,,,,https://www.lguplus.com/mobile/plan/mplan/direct/nerget/LPZ1004890,2026-08-12T00:22:06.440169+00:00
MNO,LGU+,,LPZ1004893,LPZ1004893,official_code,너겟43,,LGU+-온라인가입전용(너겟),True,,,5G,40.0,,40.0,False,1Mbps,,,,,undisclosed,True,,300,True,,43000,,,,0,0,,,,,,,https://www.lguplus.com/mobile/plan/mplan/direct/nerget/LPZ1004893,2026-08-12T00:22:06.440169+00:00
MNO,LGU+,,LPZ1004897,LPZ1004897,official_code,너겟39,,LGU+-온라인가입전용(너겟),True,,,5G,27.0,,27.0,False,1Mbps,,,,,undisclosed,True,,300,True,,39000,,,,0,0,,,,,,,https://www.lguplus.com/mobile/plan/mplan/direct/nerget/LPZ1004897,2026-08-12T00:22:06.440169+00:00
MNO,LGU+,,LPZ1004900,LPZ1004900,official_code,너겟36,,LGU+-온라인가입전용(너겟),True,,,5G,20.0,,20.0,False,1Mbps,,,,,undisclosed,True,,300,True,,36000,,,,0,0,,,,,,,https://www.lguplus.com/mobile/plan/mplan/direct/nerget/LPZ1004900,2026-08-12T00:22:06.440169+00:00
MNO,LGU+,,LPZ1004903,LPZ1004903,official_code,너겟33,,LGU+-온라인가입전용(너겟),True,,,5G,12.0,,12.0,False,400Kbps,,,,,undisclosed,True,,300,True,,33000,,,,0,0,,,,,,,https://www.lguplus.com/mobile/plan/mplan/direct/nerget/LPZ1004903,2026-08-12T00:22:06.440169+00:00
MNO,LGU+,,LPZ1004907,LPZ1004907,official_code,너겟26,,LGU+-온라인가입전용(너겟),True,,,5G,6.0,,6.0,False,400Kbps,,,,,undisclosed,True,,300,True,,26000,,,,0,0,,,,,,,https://www.lguplus.com/mobile/plan/mplan/direct/nerget/LPZ1004907,2026-08-12T00:22:06.440169+00:00
MNO,LGU+,,LPZ1007509,LPZ1007509,official_code,너겟49,,LGU+-온라인가입전용(너겟),True,,,5G,120.0,,120.0,False,5Mbps,,60.0,,60.0,quota,True,,300,True,,49000,,,,0,0,,,,,,,https://www.lguplus.com/mobile/plan/mplan/direct/nerget/LPZ1007509,2026-08-12T00:22:06.440169+00:00
MNO,LGU+,,Z202500388_디즈니+&티빙,Z202500388,official_code,너겟65 (디즈니+ & 티빙),디즈니+ & 티빙,LGU+-온라인가입전용(너겟),True,,,5G,,,,True,,,80.0,,80.0,quota,True,,300,True,,65000,,,,4,1,디즈니+,VIP,"1대 월정액 할인 (최대 11,000원)",테더링+쉐어링 80GB,,,https://www.lguplus.com/mobile/plan/mplan/direct/nerget/Z202500388,2026-08-12T00:22:06.440169+00:00
MNO,LGU+,,Z202500388_데일리,Z202500388,official_code,너겟65 (데일리),데일리,LGU+-온라인가입전용(너겟),True,,,5G,,,,True,,,80.0,,80.0,quota,True,,300,True,,65000,,,,4,1,데일리플러스,VIP,"1대 월정액 할인 (최대 11,000원)",테더링+쉐어링 80GB,,,https://www.lguplus.com/mobile/plan/mplan/direct/nerget/Z202500388,2026-08-12T00:22:06.440169+00:00
MNO,LGU+,,Z202500388_AI구독,Z202500388,official_code,너겟65 (AI 구독),AI 구독,LGU+-온라인가입전용(너겟),True,,,5G,,,,True,,,80.0,,80.0,quota,True,,300,True,,65000,,,,4,1,Google AI,VIP,"1대 월정액 할인 (최대 11,000원)",테더링+쉐어링 80GB,,,https://www.lguplus.com/mobile/plan/mplan/direct/nerget/Z202500388,2026-08-12T00:22:06.440169+00:00
MNO,LGU+,,Z202500388_구글원,Z202500388,official_code,너겟65 (구글 원),구글 원,LGU+-온라인가입전용(너겟),True,,,5G,,,,True,,,80.0,,80.0,quota,True,,300,True,,65000,,,,4,1,구글 원,VIP,"1대 월정액 할인 (최대 11,000원)",테더링+쉐어링 80GB,,,https://www.lguplus.com/mobile/plan/mplan/direct/nerget/Z202500388,2026-08-12T00:22:06.440169+00:00
MNO,LGU+,,Z202500388_올인원,Z202500388,official_code,너겟65 (올인원),올인원,LGU+-온라인가입전용(너겟),True,,,5G,,,,True,,,80.0,,80.0,quota,True,,300,True,,65000,,,,4,0,,VIP,"1대 월정액 할인 (최대 11,000원)",테더링+쉐어링 80GB,,,https://www.lguplus.com/mobile/plan/mplan/direct/nerget/Z202500388,2026-08-12T00:22:06.440169+00:00
MNO,LGU+,,Z202500388_소호,Z202500388,official_code,너겟65 (소호),소호,LGU+-온라인가입전용(너겟),True,,,5G,,,,True,,,80.0,,80.0,quota,True,,300,True,,65000,,,,4,0,,VIP,"1대 월정액 할인 (최대 11,000원)",테더링+쉐어링 80GB,,,https://www.lguplus.com/mobile/plan/mplan/direct/nerget/Z202500388,2026-08-12T00:22:06.440169+00:00
MNO,LGU+,,Z202500388_넷플릭스,Z202500388,official_code,너겟65 (넷플릭스),넷플릭스,LGU+-온라인가입전용(너겟),True,,,5G,,,,True,,,80.0,,80.0,quota,True,,300,True,,65000,,,,4,1,넷플릭스,VIP,"1대 월정액 할인 (최대 11,000원)",테더링+쉐어링 80GB,,,https://www.lguplus.com/mobile/plan/mplan/direct/nerget/Z202500388,2026-08-12T00:22:06.440169+00:00
MNO,LGU+,,Z202500388_이마트24,Z202500388,official_code,너겟65 (이마트24),이마트24,LGU+-온라인가입전용(너겟),True,,,5G,,,,True,,,80.0,,80.0,quota,True,,300,True,,65000,,,,4,0,,VIP,"1대 월정액 할인 (최대 11,000원)",테더링+쉐어링 80GB,,,https://www.lguplus.com/mobile/plan/mplan/direct/nerget/Z202500388,2026-08-12T00:22:06.440169+00:00
MNO,LGU+,,Z202500388_삼성디바이스,Z202500388,official_code,너겟65 (삼성디바이스),삼성디바이스,LGU+-온라인가입전용(너겟),True,,,5G,,,,True,,,80.0,,80.0,quota,True,,300,True,,65000,,,,4,0,,VIP,"삼성디바이스 | 1대 월정액 할인 (최대 11,000원)",테더링+쉐어링 80GB,,,https://www.lguplus.com/mobile/plan/mplan/direct/nerget/Z202500388,2026-08-12T00:22:06.440169+00:00
MNO,LGU+,,Z202500388_애플디바이스,Z202500388,official_code,너겟65 (애플디바이스),애플디바이스,LGU+-온라인가입전용(너겟),True,,,5G,,,,True,,,80.0,,80.0,quota,True,,300,True,,65000,,,,4,0,,VIP,"애플디바이스 | 1대 월정액 할인 (최대 11,000원)",테더링+쉐어링 80GB,,,https://www.lguplus.com/mobile/plan/mplan/direct/nerget/Z202500388,2026-08-12T00:22:06.440169+00:00
MNO,LGU+,,Z202500388_액션캠,Z202500388,official_code,너겟65 (액션캠),액션캠,LGU+-온라인가입전용(너겟),True,,,5G,,,,True,,,80.0,,80.0,quota,True,,300,True,,65000,,,,4,0,,VIP,"액션캠 | 1대 월정액 할인 (최대 11,000원)",테더링+쉐어링 80GB,,,https://www.lguplus.com/mobile/plan/mplan/direct/nerget/Z202500388,2026-08-12T00:22:06.440169+00:00
MNO,LGU+,,Z202500388_마니아디바이스,Z202500388,official_code,너겟65 (마니아디바이스),마니아디바이스,LGU+-온라인가입전용(너겟),True,,,5G,,,,True,,,80.0,,80.0,quota,True,,300,True,,65000,,,,4,0,,VIP,"마니아디바이스 | 1대 월정액 할인 (최대 11,000원)",테더링+쉐어링 80GB,,,https://www.lguplus.com/mobile/plan/mplan/direct/nerget/Z202500388,2026-08-12T00:22:06.440169+00:00
MNO,LGU+,,Z202502881_데일리,Z202502881,official_code,너겟59 (데일리),데일리,LGU+-온라인가입전용(너겟),True,,,5G,,,,True,,,70.0,,70.0,quota,True,,300,True,,59000,,,,3,1,데일리플러스,VIP,,테더링+쉐어링 70GB,,,https://www.lguplus.com/mobile/plan/mplan/direct/nerget/Z202502881,2026-08-12T00:22:06.440169+00:00
MNO,LGU+,,Z202502881_AI구독,Z202502881,official_code,너겟59 (AI 구독),AI 구독,LGU+-온라인가입전용(너겟),True,,,5G,,,,True,,,70.0,,70.0,quota,True,,300,True,,59000,,,,3,1,Google AI,VIP,,테더링+쉐어링 70GB,,,https://www.lguplus.com/mobile/plan/mplan/direct/nerget/Z202502881,2026-08-12T00:22:06.440169+00:00
MNO,LGU+,,Z202502881_구글원,Z202502881,official_code,너겟59 (구글 원),구글 원,LGU+-온라인가입전용(너겟),True,,,5G,,,,True,,,70.0,,70.0,quota,True,,300,True,,59000,,,,3,1,구글 원,VIP,,테더링+쉐어링 70GB,,,https://www.lguplus.com/mobile/plan/mplan/direct/nerget/Z202502881,2026-08-12T00:22:06.440169+00:00
MNO,LGU+,,Z202502881_올인원,Z202502881,official_code,너겟59 (올인원),올인원,LGU+-온라인가입전용(너겟),True,,,5G,,,,True,,,70.0,,70.0,quota,True,,300,True,,59000,,,,3,0,,VIP,,테더링+쉐어링 70GB,,,https://www.lguplus.com/mobile/plan/mplan/direct/nerget/Z202502881,2026-08-12T00:22:06.440169+00:00
MNO,LGU+,,Z202502881_소호,Z202502881,official_code,너겟59 (소호),소호,LGU+-온라인가입전용(너겟),True,,,5G,,,,True,,,70.0,,70.0,quota,True,,300,True,,59000,,,,3,0,,VIP,,테더링+쉐어링 70GB,,,https://www.lguplus.com/mobile/plan/mplan/direct/nerget/Z202502881,2026-08-12T00:22:06.440169+00:00
MNO,LGU+,,Z202502881_넷플릭스,Z202502881,official_code,너겟59 (넷플릭스),넷플릭스,LGU+-온라인가입전용(너겟),True,,,5G,,,,True,,,70.0,,70.0,quota,True,,300,True,,59000,,,,3,1,넷플릭스,VIP,,테더링+쉐어링 70GB,,,https://www.lguplus.com/mobile/plan/mplan/direct/nerget/Z202502881,2026-08-12T00:22:06.440169+00:00
MNO,LGU+,,Z202502881_삼성디바이스,Z202502881,official_code,너겟59 (삼성디바이스),삼성디바이스,LGU+-온라인가입전용(너겟),True,,,5G,,,,True,,,70.0,,70.0,quota,True,,300,True,,59000,,,,3,0,,VIP,삼성디바이스,테더링+쉐어링 70GB,,,https://www.lguplus.com/mobile/plan/mplan/direct/nerget/Z202502881,2026-08-12T00:22:06.440169+00:00
MNO,LGU+,,Z202502881_애플디바이스,Z202502881,official_code,너겟59 (애플디바이스),애플디바이스,LGU+-온라인가입전용(너겟),True,,,5G,,,,True,,,70.0,,70.0,quota,True,,300,True,,59000,,,,3,0,,VIP,애플디바이스,테더링+쉐어링 70GB,,,https://www.lguplus.com/mobile/plan/mplan/direct/nerget/Z202502881,2026-08-12T00:22:06.440169+00:00
MNO,LGU+,,Z202502881_마니아디바이스,Z202502881,official_code,너겟59 (마니아디바이스),마니아디바이스,LGU+-온라인가입전용(너겟),True,,,5G,,,,True,,,70.0,,70.0,quota,True,,300,True,,59000,,,,3,0,,VIP,마니아디바이스,테더링+쉐어링 70GB,,,https://www.lguplus.com/mobile/plan/mplan/direct/nerget/Z202502881,2026-08-12T00:22:06.440169+00:00
MNO,LGU+,,Z202505200_디즈니+&티빙,Z202505200,official_code,너겟69 (디즈니+ & 티빙),디즈니+ & 티빙,LGU+-온라인가입전용(너겟),True,,,5G,,,,True,,,100.0,,100.0,quota,True,,300,True,,69000,,,,9,4,디즈니+ | 구글 원 | 지니뮤직 | 밀리의서재,VIP,"2대 월정액 할인 (최대 22,000원)",테더링+쉐어링 100GB,,,https://www.lguplus.com/mobile/plan/mplan/direct/nerget/Z202505200,2026-08-12T00:22:06.440169+00:00
MNO,LGU+,,Z202505200_데일리,Z202505200,official_code,너겟69 (데일리),데일리,LGU+-온라인가입전용(너겟),True,,,5G,,,,True,,,100.0,,100.0,quota,True,,300,True,,69000,,,,9,4,데일리플러스 | 구글 원 | 지니뮤직 | 밀리의서재,VIP,"2대 월정액 할인 (최대 22,000원)",테더링+쉐어링 100GB,,,https://www.lguplus.com/mobile/plan/mplan/direct/nerget/Z202505200,2026-08-12T00:22:06.440169+00:00
MNO,LGU+,,Z202505200_AI구독,Z202505200,official_code,너겟69 (AI 구독),AI 구독,LGU+-온라인가입전용(너겟),True,,,5G,,,,True,,,100.0,,100.0,quota,True,,300,True,,69000,,,,9,4,Google AI | 구글 원 | 지니뮤직 | 밀리의서재,VIP,"2대 월정액 할인 (최대 22,000원)",테더링+쉐어링 100GB,,,https://www.lguplus.com/mobile/plan/mplan/direct/nerget/Z202505200,2026-08-12T00:22:06.440169+00:00
MNO,LGU+,,Z202505200_구글원,Z202505200,official_code,너겟69 (구글 원),구글 원,LGU+-온라인가입전용(너겟),True,,,5G,,,,True,,,100.0,,100.0,quota,True,,300,True,,69000,,,,9,4,구글 원 | 지니뮤직 | 밀리의서재,VIP,"2대 월정액 할인 (최대 22,000원)",테더링+쉐어링 100GB,,,https://www.lguplus.com/mobile/plan/mplan/direct/nerget/Z202505200,2026-08-12T00:22:06.440169+00:00
MNO,LGU+,,Z202505200_올인원,Z202505200,official_code,너겟69 (올인원),올인원,LGU+-온라인가입전용(너겟),True,,,5G,,,,True,,,100.0,,100.0,quota,True,,300,True,,69000,,,,9,3,구글 원 | 지니뮤직 | 밀리의서재,VIP,"2대 월정액 할인 (최대 22,000원)",테더링+쉐어링 100GB,,,https://www.lguplus.com/mobile/plan/mplan/direct/nerget/Z202505200,2026-08-12T00:22:06.440169+00:00
MNO,LGU+,,Z202505200_소호,Z202505200,official_code,너겟69 (소호),소호,LGU+-온라인가입전용(너겟),True,,,5G,,,,True,,,100.0,,100.0,quota,True,,300,True,,69000,,,,9,3,구글 원 | 지니뮤직 | 밀리의서재,VIP,"2대 월정액 할인 (최대 22,000원)",테더링+쉐어링 100GB,,,https://www.lguplus.com/mobile/plan/mplan/direct/nerget/Z202505200,2026-08-12T00:22:06.440169+00:00
MNO,LGU+,,Z202505200_넷플릭스,Z202505200,official_code,너겟69 (넷플릭스),넷플릭스,LGU+-온라인가입전용(너겟),True,,,5G,,,,True,,,100.0,,100.0,quota,True,,300,True,,69000,,,,9,4,넷플릭스 | 구글 원 | 지니뮤직 | 밀리의서재,VIP,"2대 월정액 할인 (최대 22,000원)",테더링+쉐어링 100GB,,,https://www.lguplus.com/mobile/plan/mplan/direct/nerget/Z202505200,2026-08-12T00:22:06.440169+00:00
MNO,LGU+,,Z202505200_이마트24,Z202505200,official_code,너겟69 (이마트24),이마트24,LGU+-온라인가입전용(너겟),True,,,5G,,,,True,,,100.0,,100.0,quota,True,,300,True,,69000,,,,9,3,구글 원 | 지니뮤직 | 밀리의서재,VIP,"2대 월정액 할인 (최대 22,000원)",테더링+쉐어링 100GB,,,https://www.lguplus.com/mobile/plan/mplan/direct/nerget/Z202505200,2026-08-12T00:22:06.440169+00:00
MNO,LGU+,,Z202505200_삼성디바이스,Z202505200,official_code,너겟69 (삼성디바이스),삼성디바이스,LGU+-온라인가입전용(너겟),True,,,5G,,,,True,,,100.0,,100.0,quota,True,,300,True,,69000,,,,9,3,구글 원 | 지니뮤직 | 밀리의서재,VIP,"삼성디바이스 | 2대 월정액 할인 (최대 22,000원)",테더링+쉐어링 100GB,,,https://www.lguplus.com/mobile/plan/mplan/direct/nerget/Z202505200,2026-08-12T00:22:06.440169+00:00
MNO,LGU+,,Z202505200_애플디바이스,Z202505200,official_code,너겟69 (애플디바이스),애플디바이스,LGU+-온라인가입전용(너겟),True,,,5G,,,,True,,,100.0,,100.0,quota,True,,300,True,,69000,,,,9,3,구글 원 | 지니뮤직 | 밀리의서재,VIP,"애플디바이스 | 2대 월정액 할인 (최대 22,000원)",테더링+쉐어링 100GB,,,https://www.lguplus.com/mobile/plan/mplan/direct/nerget/Z202505200,2026-08-12T00:22:06.440169+00:00
MNO,LGU+,,Z202505200_액션캠,Z202505200,official_code,너겟69 (액션캠),액션캠,LGU+-온라인가입전용(너겟),True,,,5G,,,,True,,,100.0,,100.0,quota,True,,300,True,,69000,,,,9,3,구글 원 | 지니뮤직 | 밀리의서재,VIP,"액션캠 | 2대 월정액 할인 (최대 22,000원)",테더링+쉐어링 100GB,,,https://www.lguplus.com/mobile/plan/mplan/direct/nerget/Z202505200,2026-08-12T00:22:06.440169+00:00
MNO,LGU+,,Z202505200_마니아디바이스,Z202505200,official_code,너겟69 (마니아디바이스),마니아디바이스,LGU+-온라인가입전용(너겟),True,,,5G,,,,True,,,100.0,,100.0,quota,True,,300,True,,69000,,,,9,3,구글 원 | 지니뮤직 | 밀리의서재,VIP,"마니아디바이스 | 2대 월정액 할인 (최대 22,000원)",테더링+쉐어링 100GB,,,https://www.lguplus.com/mobile/plan/mplan/direct/nerget/Z202505200,2026-08-12T00:22:06.440169+00:00
MNO,LGU+,,Z202607508_구글원,Z202607508,official_code,너겟75 (구글원),구글원,LGU+-온라인가입전용(너겟),True,,,5G,,,,True,,,100.0,,100.0,quota,True,,300,True,,75000,,,,6,1,구글 원,VIP,"삼성디바이스 | 2대 월정액 할인 (최대 33,000원)",테더링+쉐어링 100GB | 참 쉬운 가족 데이터 50GB,,,https://www.lguplus.com/mobile/plan/mplan/direct/nerget/Z202607508,2026-08-12T00:22:06.440169+00:00
MNO,LGU+,,Z202607508_모아진,Z202607508,official_code,너겟75 (모아진),모아진,LGU+-온라인가입전용(너겟),True,,,5G,,,,True,,,100.0,,100.0,quota,True,,300,True,,75000,,,,6,0,,VIP,"삼성디바이스 | 2대 월정액 할인 (최대 33,000원)",테더링+쉐어링 100GB | 참 쉬운 가족 데이터 50GB,,,https://www.lguplus.com/mobile/plan/mplan/direct/nerget/Z202607508,2026-08-12T00:22:06.440169+00:00
MNO,LGU+,,Z202607508_교보문고sam,Z202607508,official_code,너겟75 (교보문고 sam),교보문고 sam,LGU+-온라인가입전용(너겟),True,,,5G,,,,True,,,100.0,,100.0,quota,True,,300,True,,75000,,,,6,0,,VIP,"삼성디바이스 | 2대 월정액 할인 (최대 33,000원)",테더링+쉐어링 100GB | 참 쉬운 가족 데이터 50GB,,,https://www.lguplus.com/mobile/plan/mplan/direct/nerget/Z202607508,2026-08-12T00:22:06.440169+00:00
MNO,LGU+,,Z202607508_지니뮤직,Z202607508,official_code,너겟75 (지니뮤직),지니뮤직,LGU+-온라인가입전용(너겟),True,,,5G,,,,True,,,100.0,,100.0,quota,True,,300,True,,75000,,,,6,1,지니뮤직,VIP,"삼성디바이스 | 2대 월정액 할인 (최대 33,000원)",테더링+쉐어링 100GB | 참 쉬운 가족 데이터 50GB,,,https://www.lguplus.com/mobile/plan/mplan/direct/nerget/Z202607508,2026-08-12T00:22:06.440169+00:00
MNO,LGU+,,Z202607508_밀리의서재,Z202607508,official_code,너겟75 (밀리의 서재),밀리의 서재,LGU+-온라인가입전용(너겟),True,,,5G,,,,True,,,100.0,,100.0,quota,True,,300,True,,75000,,,,6,1,밀리의서재,VIP,"삼성디바이스 | 2대 월정액 할인 (최대 33,000원)",테더링+쉐어링 100GB | 참 쉬운 가족 데이터 50GB,,,https://www.lguplus.com/mobile/plan/mplan/direct/nerget/Z202607508,2026-08-12T00:22:06.440169+00:00
MNO,LGU+,,LPZ1006509_구글원,LPZ1006509,official_code,플러스플랜95 (구글원),구글원,LGU+-통합,False,,,5G,,,,True,,,80.0,,80.0,quota,True,,300,True,,95000,71250,선택약정 25% 할인,,3,1,구글 원,,"1대 월정액 할인 (최대 11,000원)",테더링+쉐어링 80GB,,,https://www.lguplus.com/mobile/plan/mplan/5g-all/5g-unlimited/LPZ1006509,2026-08-12T00:22:06.440169+00:00
MNO,LGU+,,LPZ1006509_모아진,LPZ1006509,official_code,플러스플랜95 (모아진),모아진,LGU+-통합,False,,,5G,,,,True,,,80.0,,80.0,quota,True,,300,True,,95000,71250,선택약정 25% 할인,,3,0,,,"1대 월정액 할인 (최대 11,000원)",테더링+쉐어링 80GB,,,https://www.lguplus.com/mobile/plan/mplan/5g-all/5g-unlimited/LPZ1006509,2026-08-12T00:22:06.440169+00:00
MNO,LGU+,,LPZ1006509_교보문고sam,LPZ1006509,official_code,플러스플랜95 (교보문고 sam),교보문고 sam,LGU+-통합,False,,,5G,,,,True,,,80.0,,80.0,quota,True,,300,True,,95000,71250,선택약정 25% 할인,,3,0,,,"1대 월정액 할인 (최대 11,000원)",테더링+쉐어링 80GB,,,https://www.lguplus.com/mobile/plan/mplan/5g-all/5g-unlimited/LPZ1006509,2026-08-12T00:22:06.440169+00:00
MNO,LGU+,,LPZ1006509_지니뮤직,LPZ1006509,official_code,플러스플랜95 (지니뮤직),지니뮤직,LGU+-통합,False,,,5G,,,,True,,,80.0,,80.0,quota,True,,300,True,,95000,71250,선택약정 25% 할인,,3,1,지니뮤직,,"1대 월정액 할인 (최대 11,000원)",테더링+쉐어링 80GB,,,https://www.lguplus.com/mobile/plan/mplan/5g-all/5g-unlimited/LPZ1006509,2026-08-12T00:22:06.440169+00:00
MNO,LGU+,,LPZ1006509_밀리의서재,LPZ1006509,official_code,플러스플랜95 (밀리의 서재),밀리의 서재,LGU+-통합,False,,,5G,,,,True,,,80.0,,80.0,quota,True,,300,True,,95000,71250,선택약정 25% 할인,,3,1,밀리의서재,,"1대 월정액 할인 (최대 11,000원)",테더링+쉐어링 80GB,,,https://www.lguplus.com/mobile/plan/mplan/5g-all/5g-unlimited/LPZ1006509,2026-08-12T00:22:06.440169+00:00
MNO,LGU+,,Z202205251_디즈니+,Z202205251,official_code,플러스플랜115 (디즈니+),디즈니+,LGU+-통합,False,,,5G,,,,True,,,100.0,,100.0,quota,True,,300,True,,115000,86250,선택약정 25% 할인,,10,4,디즈니+ | 구글 원 | 지니뮤직 | 밀리의서재,VVIP,"2대 월정액 할인(최대 33,000원)",테더링+쉐어링 100GB | 참 쉬운 가족 데이터 50GB,,,https://www.lguplus.com/mobile/plan/mplan/5g-all/5g-unlimited/Z202205251,2026-08-12T00:22:06.440169+00:00
MNO,LGU+,,Z202205251_유튜브프리미엄,Z202205251,official_code,플러스플랜115 (유튜브 프리미엄),유튜브 프리미엄,LGU+-통합,False,,,5G,,,,True,,,100.0,,100.0,quota,True,,300,True,,115000,86250,선택약정 25% 할인,,10,4,유튜브 프리미엄 | 구글 원 | 지니뮤직 | 밀리의서재,VVIP,"2대 월정액 할인(최대 33,000원)",테더링+쉐어링 100GB | 참 쉬운 가족 데이터 50GB,,,https://www.lguplus.com/mobile/plan/mplan/5g-all/5g-unlimited/Z202205251,2026-08-12T00:22:06.440169+00:00
MNO,LGU+,,Z202205251_우리집지킴이Easy2+,Z202205251,official_code,플러스플랜115 (우리집지킴이Easy2+),우리집지킴이Easy2+,LGU+-통합,False,,,5G,,,,True,,,100.0,,100.0,quota,True,,300,True,,115000,86250,선택약정 25% 할인,,10,3,구글 원 | 지니뮤직 | 밀리의서재,VVIP,"2대 월정액 할인(최대 33,000원)",테더링+쉐어링 100GB | 참 쉬운 가족 데이터 50GB,,,https://www.lguplus.com/mobile/plan/mplan/5g-all/5g-unlimited/Z202205251,2026-08-12T00:22:06.440169+00:00
MNO,LGU+,,Z202205251_데일리,Z202205251,official_code,플러스플랜115 (데일리),데일리,LGU+-통합,False,,,5G,,,,True,,,100.0,,100.0,quota,True,,300,True,,115000,86250,선택약정 25% 할인,,10,4,데일리플러스 | 구글 원 | 지니뮤직 | 밀리의서재,VVIP,"2대 월정액 할인(최대 33,000원)",테더링+쉐어링 100GB | 참 쉬운 가족 데이터 50GB,,,https://www.lguplus.com/mobile/plan/mplan/5g-all/5g-unlimited/Z202205251,2026-08-12T00:22:06.440169+00:00
MNO,LGU+,,Z202205251_삼성디바이스,Z202205251,official_code,플러스플랜115 (삼성디바이스),삼성디바이스,LGU+-통합,False,,,5G,,,,True,,,100.0,,100.0,quota,True,,300,True,,115000,86250,선택약정 25% 할인,,10,3,구글 원 | 지니뮤직 | 밀리의서재,VVIP,"삼성디바이스 | 2대 월정액 할인(최대 33,000원)",테더링+쉐어링 100GB | 참 쉬운 가족 데이터 50GB,,,https://www.lguplus.com/mobile/plan/mplan/5g-all/5g-unlimited/Z202205251,2026-08-12T00:22:06.440169+00:00
MNO,LGU+,,Z202205251_우리집돌봄이Kids,Z202205251,official_code,플러스플랜115 (우리집돌봄이Kids),우리집돌봄이Kids,LGU+-통합,False,,,5G,,,,True,,,100.0,,100.0,quota,True,,300,True,,115000,86250,선택약정 25% 할인,,10,3,구글 원 | 지니뮤직 | 밀리의서재,VVIP,"2대 월정액 할인(최대 33,000원)",테더링+쉐어링 100GB | 참 쉬운 가족 데이터 50GB,,,https://www.lguplus.com/mobile/plan/mplan/5g-all/5g-unlimited/Z202205251,2026-08-12T00:22:06.440169+00:00
MNO,LGU+,,Z202205251_우리집지킴이도어캠,Z202205251,official_code,플러스플랜115 (우리집지킴이도어캠),우리집지킴이도어캠,LGU+-통합,False,,,5G,,,,True,,,100.0,,100.0,quota,True,,300,True,,115000,86250,선택약정 25% 할인,,10,3,구글 원 | 지니뮤직 | 밀리의서재,VVIP,"2대 월정액 할인(최대 33,000원)",테더링+쉐어링 100GB | 참 쉬운 가족 데이터 50GB,,,https://www.lguplus.com/mobile/plan/mplan/5g-all/5g-unlimited/Z202205251,2026-08-12T00:22:06.440169+00:00
MNO,LGU+,,Z202205251_애플디바이스,Z202205251,official_code,플러스플랜115 (애플디바이스),애플디바이스,LGU+-통합,False,,,5G,,,,True,,,100.0,,100.0,quota,True,,300,True,,115000,86250,선택약정 25% 할인,,10,3,구글 원 | 지니뮤직 | 밀리의서재,VVIP,"애플디바이스 | 2대 월정액 할인(최대 33,000원)",테더링+쉐어링 100GB | 참 쉬운 가족 데이터 50GB,,,https://www.lguplus.com/mobile/plan/mplan/5g-all/5g-unlimited/Z202205251,2026-08-12T00:22:06.440169+00:00
MNO,LGU+,,Z202205251_티빙,Z202205251,official_code,플러스플랜115 (티빙),티빙,LGU+-통합,False,,,5G,,,,True,,,100.0,,100.0,quota,True,,300,True,,115000,86250,선택약정 25% 할인,,10,4,티빙 | 구글 원 | 지니뮤직 | 밀리의서재,VVIP,"2대 월정액 할인(최대 33,000원)",테더링+쉐어링 100GB | 참 쉬운 가족 데이터 50GB,,,https://www.lguplus.com/mobile/plan/mplan/5g-all/5g-unlimited/Z202205251,2026-08-12T00:22:06.440169+00:00
MNO,LGU+,,Z202205251_마니아디바이스,Z202205251,official_code,플러스플랜115 (마니아디바이스),마니아디바이스,LGU+-통합,False,,,5G,,,,True,,,100.0,,100.0,quota,True,,300,True,,115000,86250,선택약정 25% 할인,,10,3,구글 원 | 지니뮤직 | 밀리의서재,VVIP,"마니아디바이스 | 2대 월정액 할인(최대 33,000원)",테더링+쉐어링 100GB | 참 쉬운 가족 데이터 50GB,,,https://www.lguplus.com/mobile/plan/mplan/5g-all/5g-unlimited/Z202205251,2026-08-12T00:22:06.440169+00:00
MNO,LGU+,,Z202205251_AI구독,Z202205251,official_code,플러스플랜115 (AI 구독),AI 구독,LGU+-통합,False,,,5G,,,,True,,,100.0,,100.0,quota,True,,300,True,,115000,86250,선택약정 25% 할인,,10,4,Google AI | 구글 원 | 지니뮤직 | 밀리의서재,VVIP,"2대 월정액 할인(최대 33,000원)",테더링+쉐어링 100GB | 참 쉬운 가족 데이터 50GB,,,https://www.lguplus.com/mobile/plan/mplan/5g-all/5g-unlimited/Z202205251,2026-08-12T00:22:06.440169+00:00
MNO,LGU+,,Z202205251_구글원,Z202205251,official_code,플러스플랜115 (구글 원),구글 원,LGU+-통합,False,,,5G,,,,True,,,100.0,,100.0,quota,True,,300,True,,115000,86250,선택약정 25% 할인,,10,4,구글 원 | 지니뮤직 | 밀리의서재,VVIP,"2대 월정액 할인(최대 33,000원)",테더링+쉐어링 100GB | 참 쉬운 가족 데이터 50GB,,,https://www.lguplus.com/mobile/plan/mplan/5g-all/5g-unlimited/Z202205251,2026-08-12T00:22:06.440169+00:00
MNO,LGU+,,Z202205251_넷플릭스,Z202205251,official_code,플러스플랜115 (넷플릭스),넷플릭스,LGU+-통합,False,,,5G,,,,True,,,100.0,,100.0,quota,True,,300,True,,115000,86250,선택약정 25% 할인,,10,4,넷플릭스 | 구글 원 | 지니뮤직 | 밀리의서재,VVIP,"2대 월정액 할인(최대 33,000원)",테더링+쉐어링 100GB | 참 쉬운 가족 데이터 50GB,,,https://www.lguplus.com/mobile/plan/mplan/5g-all/5g-unlimited/Z202205251,2026-08-12T00:22:06.440169+00:00
MNO,LGU+,,Z202205251_구글원+보상패스,Z202205251,official_code,플러스플랜115 (구글원+보상패스),구글원+보상패스,LGU+-통합,False,,,5G,,,,True,,,100.0,,100.0,quota,True,,300,True,,115000,86250,선택약정 25% 할인,,10,4,구글 원 | 지니뮤직 | 밀리의서재,VVIP,"2대 월정액 할인(최대 33,000원)",테더링+쉐어링 100GB | 참 쉬운 가족 데이터 50GB,,,https://www.lguplus.com/mobile/plan/mplan/5g-all/5g-unlimited/Z202205251,2026-08-12T00:22:06.440169+00:00
MNO,LGU+,,Z202205252_디즈니+,Z202205252,official_code,플러스플랜105 (디즈니+),디즈니+,LGU+-통합,False,,,5G,,,,True,,,100.0,,100.0,quota,True,,300,True,,105000,78750,선택약정 25% 할인,,9,4,디즈니+ | 구글 원 | 지니뮤직 | 밀리의서재,VVIP,"2대 월정액 할인 (1대당 최대 11,000원)",테더링+쉐어링 100GB,,,https://www.lguplus.com/mobile/plan/mplan/5g-all/5g-unlimited/Z202205252,2026-08-12T00:22:06.440169+00:00
MNO,LGU+,,Z202205252_유튜브프리미엄,Z202205252,official_code,플러스플랜105 (유튜브 프리미엄),유튜브 프리미엄,LGU+-통합,False,,,5G,,,,True,,,100.0,,100.0,quota,True,,300,True,,105000,78750,선택약정 25% 할인,,9,4,유튜브 프리미엄 | 구글 원 | 지니뮤직 | 밀리의서재,VVIP,"2대 월정액 할인 (1대당 최대 11,000원)",테더링+쉐어링 100GB,,,https://www.lguplus.com/mobile/plan/mplan/5g-all/5g-unlimited/Z202205252,2026-08-12T00:22:06.440169+00:00
MNO,LGU+,,Z202205252_우리집지킴이Easy2+,Z202205252,official_code,플러스플랜105 (우리집지킴이Easy2+),우리집지킴이Easy2+,LGU+-통합,False,,,5G,,,,True,,,100.0,,100.0,quota,True,,300,True,,105000,78750,선택약정 25% 할인,,9,3,구글 원 | 지니뮤직 | 밀리의서재,VVIP,"2대 월정액 할인 (1대당 최대 11,000원)",테더링+쉐어링 100GB,,,https://www.lguplus.com/mobile/plan/mplan/5g-all/5g-unlimited/Z202205252,2026-08-12T00:22:06.440169+00:00
MNO,LGU+,,Z202205252_데일리,Z202205252,official_code,플러스플랜105 (데일리),데일리,LGU+-통합,False,,,5G,,,,True,,,100.0,,100.0,quota,True,,300,True,,105000,78750,선택약정 25% 할인,,9,4,데일리플러스 | 구글 원 | 지니뮤직 | 밀리의서재,VVIP,"2대 월정액 할인 (1대당 최대 11,000원)",테더링+쉐어링 100GB,,,https://www.lguplus.com/mobile/plan/mplan/5g-all/5g-unlimited/Z202205252,2026-08-12T00:22:06.440169+00:00
MNO,LGU+,,Z202205252_삼성디바이스,Z202205252,official_code,플러스플랜105 (삼성디바이스),삼성디바이스,LGU+-통합,False,,,5G,,,,True,,,100.0,,100.0,quota,True,,300,True,,105000,78750,선택약정 25% 할인,,9,3,구글 원 | 지니뮤직 | 밀리의서재,VVIP,"삼성디바이스 | 2대 월정액 할인 (1대당 최대 11,000원)",테더링+쉐어링 100GB,,,https://www.lguplus.com/mobile/plan/mplan/5g-all/5g-unlimited/Z202205252,2026-08-12T00:22:06.440169+00:00
MNO,LGU+,,Z202205252_우리집돌봄이Kids,Z202205252,official_code,플러스플랜105 (우리집돌봄이Kids),우리집돌봄이Kids,LGU+-통합,False,,,5G,,,,True,,,100.0,,100.0,quota,True,,300,True,,105000,78750,선택약정 25% 할인,,9,3,구글 원 | 지니뮤직 | 밀리의서재,VVIP,"2대 월정액 할인 (1대당 최대 11,000원)",테더링+쉐어링 100GB,,,https://www.lguplus.com/mobile/plan/mplan/5g-all/5g-unlimited/Z202205252,2026-08-12T00:22:06.440169+00:00
MNO,LGU+,,Z202205252_애플디바이스,Z202205252,official_code,플러스플랜105 (애플디바이스),애플디바이스,LGU+-통합,False,,,5G,,,,True,,,100.0,,100.0,quota,True,,300,True,,105000,78750,선택약정 25% 할인,,9,3,구글 원 | 지니뮤직 | 밀리의서재,VVIP,"애플디바이스 | 2대 월정액 할인 (1대당 최대 11,000원)",테더링+쉐어링 100GB,,,https://www.lguplus.com/mobile/plan/mplan/5g-all/5g-unlimited/Z202205252,2026-08-12T00:22:06.440169+00:00
MNO,LGU+,,Z202205252_티빙,Z202205252,official_code,플러스플랜105 (티빙),티빙,LGU+-통합,False,,,5G,,,,True,,,100.0,,100.0,quota,True,,300,True,,105000,78750,선택약정 25% 할인,,9,4,티빙 | 구글 원 | 지니뮤직 | 밀리의서재,VVIP,"2대 월정액 할인 (1대당 최대 11,000원)",테더링+쉐어링 100GB,,,https://www.lguplus.com/mobile/plan/mplan/5g-all/5g-unlimited/Z202205252,2026-08-12T00:22:06.440169+00:00
MNO,LGU+,,Z202205252_마니아디바이스,Z202205252,official_code,플러스플랜105 (마니아디바이스),마니아디바이스,LGU+-통합,False,,,5G,,,,True,,,100.0,,100.0,quota,True,,300,True,,105000,78750,선택약정 25% 할인,,9,3,구글 원 | 지니뮤직 | 밀리의서재,VVIP,"마니아디바이스 | 2대 월정액 할인 (1대당 최대 11,000원)",테더링+쉐어링 100GB,,,https://www.lguplus.com/mobile/plan/mplan/5g-all/5g-unlimited/Z202205252,2026-08-12T00:22:06.440169+00:00
MNO,LGU+,,Z202205252_AI구독,Z202205252,official_code,플러스플랜105 (AI 구독),AI 구독,LGU+-통합,False,,,5G,,,,True,,,100.0,,100.0,quota,True,,300,True,,105000,78750,선택약정 25% 할인,,9,4,Google AI | 구글 원 | 지니뮤직 | 밀리의서재,VVIP,"2대 월정액 할인 (1대당 최대 11,000원)",테더링+쉐어링 100GB,,,https://www.lguplus.com/mobile/plan/mplan/5g-all/5g-unlimited/Z202205252,2026-08-12T00:22:06.440169+00:00
MNO,LGU+,,Z202205252_구글원,Z202205252,official_code,플러스플랜105 (구글 원),구글 원,LGU+-통합,False,,,5G,,,,True,,,100.0,,100.0,quota,True,,300,True,,105000,78750,선택약정 25% 할인,,9,4,구글 원 | 지니뮤직 | 밀리의서재,VVIP,"2대 월정액 할인 (1대당 최대 11,000원)",테더링+쉐어링 100GB,,,https://www.lguplus.com/mobile/plan/mplan/5g-all/5g-unlimited/Z202205252,2026-08-12T00:22:06.440169+00:00
MNO,LGU+,,Z202205252_넷플릭스,Z202205252,official_code,플러스플랜105 (넷플릭스),넷플릭스,LGU+-통합,False,,,5G,,,,True,,,100.0,,100.0,quota,True,,300,True,,105000,78750,선택약정 25% 할인,,9,4,넷플릭스 | 구글 원 | 지니뮤직 | 밀리의서재,VVIP,"2대 월정액 할인 (1대당 최대 11,000원)",테더링+쉐어링 100GB,,,https://www.lguplus.com/mobile/plan/mplan/5g-all/5g-unlimited/Z202205252,2026-08-12T00:22:06.440169+00:00
MNO,LGU+,,Z202205252_구글원+보상패스,Z202205252,official_code,플러스플랜105 (구글원+보상패스),구글원+보상패스,LGU+-통합,False,,,5G,,,,True,,,100.0,,100.0,quota,True,,300,True,,105000,78750,선택약정 25% 할인,,9,4,구글 원 | 지니뮤직 | 밀리의서재,VVIP,"2대 월정액 할인 (1대당 최대 11,000원)",테더링+쉐어링 100GB,,,https://www.lguplus.com/mobile/plan/mplan/5g-all/5g-unlimited/Z202205252,2026-08-12T00:22:06.440169+00:00
MNO,LGU+,,Z202205253_디즈니+,Z202205253,official_code,플러스플랜130 (디즈니+),디즈니+,LGU+-통합,False,,,5G,,,,True,,,120.0,,120.0,quota,True,,300,True,,130000,97500,선택약정 25% 할인,,9,4,디즈니+ | 구글 원 | 지니뮤직 | 밀리의서재,,"2대 월정액 할인(최대 33,000원)",테더링+쉐어링 120GB | 참 쉬운 가족 데이터 60GB,,,https://www.lguplus.com/mobile/plan/mplan/5g-all/5g-unlimited/Z202205253,2026-08-12T00:22:06.440169+00:00
MNO,LGU+,,Z202205253_유튜브프리미엄,Z202205253,official_code,플러스플랜130 (유튜브 프리미엄),유튜브 프리미엄,LGU+-통합,False,,,5G,,,,True,,,120.0,,120.0,quota,True,,300,True,,130000,97500,선택약정 25% 할인,,9,4,유튜브 프리미엄 | 구글 원 | 지니뮤직 | 밀리의서재,,"2대 월정액 할인(최대 33,000원)",테더링+쉐어링 120GB | 참 쉬운 가족 데이터 60GB,,,https://www.lguplus.com/mobile/plan/mplan/5g-all/5g-unlimited/Z202205253,2026-08-12T00:22:06.440169+00:00
MNO,LGU+,,Z202205253_우리집지킴이Easy2+,Z202205253,official_code,플러스플랜130 (우리집지킴이Easy2+),우리집지킴이Easy2+,LGU+-통합,False,,,5G,,,,True,,,120.0,,120.0,quota,True,,300,True,,130000,97500,선택약정 25% 할인,,9,3,구글 원 | 지니뮤직 | 밀리의서재,,"2대 월정액 할인(최대 33,000원)",테더링+쉐어링 120GB | 참 쉬운 가족 데이터 60GB,,,https://www.lguplus.com/mobile/plan/mplan/5g-all/5g-unlimited/Z202205253,2026-08-12T00:22:06.440169+00:00
MNO,LGU+,,Z202205253_데일리,Z202205253,official_code,플러스플랜130 (데일리),데일리,LGU+-통합,False,,,5G,,,,True,,,120.0,,120.0,quota,True,,300,True,,130000,97500,선택약정 25% 할인,,9,4,데일리플러스 | 구글 원 | 지니뮤직 | 밀리의서재,,"2대 월정액 할인(최대 33,000원)",테더링+쉐어링 120GB | 참 쉬운 가족 데이터 60GB,,,https://www.lguplus.com/mobile/plan/mplan/5g-all/5g-unlimited/Z202205253,2026-08-12T00:22:06.440169+00:00
MNO,LGU+,,Z202205253_삼성디바이스,Z202205253,official_code,플러스플랜130 (삼성디바이스),삼성디바이스,LGU+-통합,False,,,5G,,,,True,,,120.0,,120.0,quota,True,,300,True,,130000,97500,선택약정 25% 할인,,9,3,구글 원 | 지니뮤직 | 밀리의서재,,"삼성디바이스 | 2대 월정액 할인(최대 33,000원)",테더링+쉐어링 120GB | 참 쉬운 가족 데이터 60GB,,,https://www.lguplus.com/mobile/plan/mplan/5g-all/5g-unlimited/Z202205253,2026-08-12T00:22:06.440169+00:00
MNO,LGU+,,Z202205253_우리집돌봄이Kids,Z202205253,official_code,플러스플랜130 (우리집돌봄이Kids),우리집돌봄이Kids,LGU+-통합,False,,,5G,,,,True,,,120.0,,120.0,quota,True,,300,True,,130000,97500,선택약정 25% 할인,,9,3,구글 원 | 지니뮤직 | 밀리의서재,,"2대 월정액 할인(최대 33,000원)",테더링+쉐어링 120GB | 참 쉬운 가족 데이터 60GB,,,https://www.lguplus.com/mobile/plan/mplan/5g-all/5g-unlimited/Z202205253,2026-08-12T00:22:06.440169+00:00
MNO,LGU+,,Z202205253_우리집지킴이도어캠,Z202205253,official_code,플러스플랜130 (우리집지킴이도어캠),우리집지킴이도어캠,LGU+-통합,False,,,5G,,,,True,,,120.0,,120.0,quota,True,,300,True,,130000,97500,선택약정 25% 할인,,9,3,구글 원 | 지니뮤직 | 밀리의서재,,"2대 월정액 할인(최대 33,000원)",테더링+쉐어링 120GB | 참 쉬운 가족 데이터 60GB,,,https://www.lguplus.com/mobile/plan/mplan/5g-all/5g-unlimited/Z202205253,2026-08-12T00:22:06.440169+00:00
MNO,LGU+,,Z202205253_애플디바이스,Z202205253,official_code,플러스플랜130 (애플디바이스),애플디바이스,LGU+-통합,False,,,5G,,,,True,,,120.0,,120.0,quota,True,,300,True,,130000,97500,선택약정 25% 할인,,9,3,구글 원 | 지니뮤직 | 밀리의서재,,"애플디바이스 | 2대 월정액 할인(최대 33,000원)",테더링+쉐어링 120GB | 참 쉬운 가족 데이터 60GB,,,https://www.lguplus.com/mobile/plan/mplan/5g-all/5g-unlimited/Z202205253,2026-08-12T00:22:06.440169+00:00
MNO,LGU+,,Z202205253_티빙,Z202205253,official_code,플러스플랜130 (티빙),티빙,LGU+-통합,False,,,5G,,,,True,,,120.0,,120.0,quota,True,,300,True,,130000,97500,선택약정 25% 할인,,9,4,티빙 | 구글 원 | 지니뮤직 | 밀리의서재,,"2대 월정액 할인(최대 33,000원)",테더링+쉐어링 120GB | 참 쉬운 가족 데이터 60GB,,,https://www.lguplus.com/mobile/plan/mplan/5g-all/5g-unlimited/Z202205253,2026-08-12T00:22:06.440169+00:00
MNO,LGU+,,Z202205253_마니아디바이스,Z202205253,official_code,플러스플랜130 (마니아디바이스),마니아디바이스,LGU+-통합,False,,,5G,,,,True,,,120.0,,120.0,quota,True,,300,True,,130000,97500,선택약정 25% 할인,,9,3,구글 원 | 지니뮤직 | 밀리의서재,,"마니아디바이스 | 2대 월정액 할인(최대 33,000원)",테더링+쉐어링 120GB | 참 쉬운 가족 데이터 60GB,,,https://www.lguplus.com/mobile/plan/mplan/5g-all/5g-unlimited/Z202205253,2026-08-12T00:22:06.440169+00:00
MNO,LGU+,,Z202205253_AI구독,Z202205253,official_code,플러스플랜130 (AI 구독),AI 구독,LGU+-통합,False,,,5G,,,,True,,,120.0,,120.0,quota,True,,300,True,,130000,97500,선택약정 25% 할인,,9,4,Google AI | 구글 원 | 지니뮤직 | 밀리의서재,,"2대 월정액 할인(최대 33,000원)",테더링+쉐어링 120GB | 참 쉬운 가족 데이터 60GB,,,https://www.lguplus.com/mobile/plan/mplan/5g-all/5g-unlimited/Z202205253,2026-08-12T00:22:06.440169+00:00
MNO,LGU+,,Z202205253_구글원,Z202205253,official_code,플러스플랜130 (구글 원),구글 원,LGU+-통합,False,,,5G,,,,True,,,120.0,,120.0,quota,True,,300,True,,130000,97500,선택약정 25% 할인,,9,4,구글 원 | 지니뮤직 | 밀리의서재,,"2대 월정액 할인(최대 33,000원)",테더링+쉐어링 120GB | 참 쉬운 가족 데이터 60GB,,,https://www.lguplus.com/mobile/plan/mplan/5g-all/5g-unlimited/Z202205253,2026-08-12T00:22:06.440169+00:00
MNO,LGU+,,Z202205253_넷플릭스,Z202205253,official_code,플러스플랜130 (넷플릭스),넷플릭스,LGU+-통합,False,,,5G,,,,True,,,120.0,,120.0,quota,True,,300,True,,130000,97500,선택약정 25% 할인,,9,4,넷플릭스 | 구글 원 | 지니뮤직 | 밀리의서재,,"2대 월정액 할인(최대 33,000원)",테더링+쉐어링 120GB | 참 쉬운 가족 데이터 60GB,,,https://www.lguplus.com/mobile/plan/mplan/5g-all/5g-unlimited/Z202205253,2026-08-12T00:22:06.440169+00:00
MNO,LGU+,,Z202205253_구글원+보상패스,Z202205253,official_code,플러스플랜130 (구글원+보상패스),구글원+보상패스,LGU+-통합,False,,,5G,,,,True,,,120.0,,120.0,quota,True,,300,True,,130000,97500,선택약정 25% 할인,,9,4,구글 원 | 지니뮤직 | 밀리의서재,,"2대 월정액 할인(최대 33,000원)",테더링+쉐어링 120GB | 참 쉬운 가족 데이터 60GB,,,https://www.lguplus.com/mobile/plan/mplan/5g-all/5g-unlimited/Z202205253,2026-08-12T00:22:06.440169+00:00
MNO,LGU+,,Z202605251,Z202605251,official_code,데이터플랜MAX,,LGU+-통합,False,,,5G,,,,True,,,70.0,,70.0,quota,True,,300,True,,85000,63750,선택약정 25% 할인,,2,0,,VIP,,테더링+쉐어링 70GB,,,https://www.lguplus.com/mobile/plan/mplan/5g-all/5g-unlimited/Z202605251,2026-08-12T00:22:06.440169+00:00
MNO,LGU+,,Z202605252,Z202605252,official_code,데이터플랜150GB,,LGU+-통합,False,,,5G,150.0,,150.0,False,5Mbps,,60.0,,60.0,quota,True,,300,True,,75000,56250,선택약정 25% 할인,,1,0,,VIP,,,,,https://www.lguplus.com/mobile/plan/mplan/5g-all/5g-unlimited/Z202605252,2026-08-12T00:22:06.440169+00:00
MNO,LGU+,,Z202605253,Z202605253,official_code,데이터플랜125GB,,LGU+-통합,False,,,5G,125.0,,125.0,False,5Mbps,,55.0,,55.0,quota,True,,300,True,,70000,52500,선택약정 25% 할인,,0,0,,,,,,,https://www.lguplus.com/mobile/plan/mplan/5g-all/5g-unlimited/Z202605253,2026-08-12T00:22:06.440169+00:00
MNO,LGU+,,Z202605254,Z202605254,official_code,데이터플랜95GB,,LGU+-통합,False,,,5G,95.0,,95.0,False,3Mbps,,50.0,,50.0,quota,True,,300,True,,68000,51000,선택약정 25% 할인,,0,0,,,,,,,https://www.lguplus.com/mobile/plan/mplan/5g-all/5g-unlimited/Z202605254,2026-08-12T00:22:06.440169+00:00
MNO,LGU+,,Z202605255,Z202605255,official_code,데이터플랜80GB,,LGU+-통합,False,,,5G,80.0,,80.0,False,1Mbps,,45.0,,45.0,quota,True,,300,True,,66000,49500,선택약정 25% 할인,,0,0,,,,,,,https://www.lguplus.com/mobile/plan/mplan/5g-all/5g-unlimited/Z202605255,2026-08-12T00:22:06.440169+00:00
MNO,LGU+,,Z202605256,Z202605256,official_code,데이터플랜50GB,,LGU+-통합,False,,,5G,50.0,,50.0,False,1Mbps,,40.0,,40.0,quota,True,,300,True,,63000,47250,선택약정 25% 할인,,0,0,,,,,,,https://www.lguplus.com/mobile/plan/mplan/5g-all/5g-unlimited/Z202605256,2026-08-12T00:22:06.440169+00:00
MNO,LGU+,,Z202605257,Z202605257,official_code,데이터플랜31GB,,LGU+-통합,False,,,5G,31.0,,31.0,False,1Mbps,,,,,undisclosed,True,,300,True,,61000,45750,선택약정 25% 할인,,0,0,,,,,,,https://www.lguplus.com/mobile/plan/mplan/5g-all/5g-unlimited/Z202605257,2026-08-12T00:22:06.440169+00:00
MNO,LGU+,,Z202605258,Z202605258,official_code,데이터플랜24GB,,LGU+-통합,False,,,5G,24.0,,24.0,False,1Mbps,,,,,undisclosed,True,,300,True,,59000,44250,선택약정 25% 할인,,0,0,,,,,,,https://www.lguplus.com/mobile/plan/mplan/5g-all/5g-unlimited/Z202605258,2026-08-12T00:22:06.440169+00:00
MNO,LGU+,,Z202605259,Z202605259,official_code,데이터플랜14GB,,LGU+-통합,False,,,5G,14.0,,14.0,False,1Mbps,,,,,undisclosed,True,,300,True,,55000,41250,선택약정 25% 할인,,0,0,,,,,,,https://www.lguplus.com/mobile/plan/mplan/5g-all/5g-unlimited/Z202605259,2026-08-12T00:22:06.440169+00:00
MNO,LGU+,,Z202605260,Z202605260,official_code,데이터플랜5GB,,LGU+-통합,False,,,5G,5.0,,5.0,False,400Kbps,,,,,undisclosed,True,,300,True,,37000,27750,선택약정 25% 할인,,0,0,,,,,,,https://www.lguplus.com/mobile/plan/mplan/5g-all/5g-unlimited/Z202605260,2026-08-12T00:22:06.440169+00:00
MNO,LGU+,,Z202605261,Z202605261,official_code,데이터플랜750MB,,LGU+-통합,False,,,5G,0.732,,0.732,False,400Kbps,,,,,undisclosed,False,125,,False,150,29000,21750,선택약정 25% 할인,,0,0,,,,,,,https://www.lguplus.com/mobile/plan/mplan/5g-all/5g-unlimited/Z202605261,2026-08-12T00:22:06.440169+00:00
MNO,LGU+,,Z202605262,Z202605262,official_code,데이터플랜300MB,,LGU+-통합,False,,,5G,0.293,,0.293,False,400Kbps,,,,,undisclosed,False,125,,False,150,28000,21000,선택약정 25% 할인,,0,0,,,,,,,https://www.lguplus.com/mobile/plan/mplan/5g-all/5g-unlimited/Z202605262,2026-08-12T00:22:06.440169+00:00
MNO,LGU+,,Z202606000,Z202606000,official_code,데이터플랜9GB,,LGU+-통합,False,,,5G,9.0,,9.0,False,400Kbps,,,,,undisclosed,True,,300,True,,47000,35250,선택약정 25% 할인,,0,0,,,,,,,https://www.lguplus.com/mobile/plan/mplan/5g-all/5g-unlimited/Z202606000,2026-08-12T00:22:06.440169+00:00
MNO,LGU+,,Z202606002,Z202606002,official_code,데이터플랜1.5GB,,LGU+-통합,False,,,5G,1.5,,1.5,False,400Kbps,,,,,undisclosed,True,,110,True,,33000,24750,선택약정 25% 할인,,0,0,,,,,,,https://www.lguplus.com/mobile/plan/mplan/5g-all/5g-unlimited/Z202606002,2026-08-12T00:22:06.440169+00:00
