carrier_type,host_mno,mvno_brand,plan_id,base_plan_id,plan_id_type,plan_name,selected_option,plan_category,is_online_only,age_condition,signup_notice,network_gen,base_data_gb,extra_data_gb,data_gb,data_unlimited,data_throttle_speed,daily_data_gb,base_tethering_gb,extra_tethering_gb,tethering_gb,tethering_support,voice_unlimited,voice_minutes,voice_extra_minutes,sms_unlimited,sms_count,monthly_fee,discounted_fee,discount_type,discount_period_months,benefit_count,ott_option_count,ott_options,membership_grade,smart_device_benefit,extra_data_benefit,gift_benefit,source_url,crawled_at
MNO,SKT,,NA00009818,NA00009818,official_code,베스트 Max(Google AI),,SKT-베스트,False,,,5G,,,,True,,,140.0,,140.0,quota,True,,300,True,,129000,96750,선택약정 25% 할인,,5,1,Google AI,VIP,스마트기기 2회선 이용요금 무료,만 34세 이하 공유/테더링 데이터 20.0GB 추가 제공,,https://www.tworld.co.kr/web/product/callplan/NA00009818,2026-08-06T04:07:27.710071+00:00
MNO,SKT,,NA00009818_만 34세 이하,NA00009818,official_code,베스트 Max(Google AI),,SKT-베스트,False,만 34세 이하,,5G,,,,True,,,140.0,20.0,160.0,quota,True,,300,True,,129000,96750,선택약정 25% 할인,,5,1,Google AI,VIP,스마트기기 2회선 이용요금 무료,만 34세 이하 공유/테더링 데이터 20.0GB 추가 제공,,https://www.tworld.co.kr/web/product/callplan/NA00009818,2026-08-06T04:07:27.710071+00:00
MNO,SKT,,NA00009811,NA00009811,official_code,베스트 Pro(Google AI),,SKT-베스트,False,,,5G,,,,True,,,120.0,,120.0,quota,True,,300,True,,119000,89250,선택약정 25% 할인,,5,1,Google AI,VIP,스마트기기 2회선 이용요금 무료,만 34세 이하 공유/테더링 데이터 20.0GB 추가 제공,,https://www.tworld.co.kr/web/product/callplan/NA00009811,2026-08-06T04:07:27.710071+00:00
MNO,SKT,,NA00009811_만 34세 이하,NA00009811,official_code,베스트 Pro(Google AI),,SKT-베스트,False,만 34세 이하,,5G,,,,True,,,120.0,20.0,140.0,quota,True,,300,True,,119000,89250,선택약정 25% 할인,,5,1,Google AI,VIP,스마트기기 2회선 이용요금 무료,만 34세 이하 공유/테더링 데이터 20.0GB 추가 제공,,https://www.tworld.co.kr/web/product/callplan/NA00009811,2026-08-06T04:07:27.710071+00:00
MNO,SKT,,NA00009814,NA00009814,official_code,베스트 Max(유튜브 프리미엄),,SKT-베스트,False,,,5G,,,,True,,,140.0,,140.0,quota,True,,300,True,,129000,96750,선택약정 25% 할인,,5,1,유튜브 프리미엄,VIP,스마트기기 2회선 이용요금 무료,만 34세 이하 공유/테더링 데이터 20.0GB 추가 제공,,https://www.tworld.co.kr/web/product/callplan/NA00009814,2026-08-06T04:07:27.710071+00:00
MNO,SKT,,NA00009814_만 34세 이하,NA00009814,official_code,베스트 Max(유튜브 프리미엄),,SKT-베스트,False,만 34세 이하,,5G,,,,True,,,140.0,20.0,160.0,quota,True,,300,True,,129000,96750,선택약정 25% 할인,,5,1,유튜브 프리미엄,VIP,스마트기기 2회선 이용요금 무료,만 34세 이하 공유/테더링 데이터 20.0GB 추가 제공,,https://www.tworld.co.kr/web/product/callplan/NA00009814,2026-08-06T04:07:27.710071+00:00
MNO,SKT,,NA00009807,NA00009807,official_code,베스트 Pro(유튜브 프리미엄),,SKT-베스트,False,,,5G,,,,True,,,120.0,,120.0,quota,True,,300,True,,119000,89250,선택약정 25% 할인,,5,1,유튜브 프리미엄,VIP,스마트기기 2회선 이용요금 무료,만 34세 이하 공유/테더링 데이터 20.0GB 추가 제공,,https://www.tworld.co.kr/web/product/callplan/NA00009807,2026-08-06T04:07:27.710071+00:00
MNO,SKT,,NA00009807_만 34세 이하,NA00009807,official_code,베스트 Pro(유튜브 프리미엄),,SKT-베스트,False,만 34세 이하,,5G,,,,True,,,120.0,20.0,140.0,quota,True,,300,True,,119000,89250,선택약정 25% 할인,,5,1,유튜브 프리미엄,VIP,스마트기기 2회선 이용요금 무료,만 34세 이하 공유/테더링 데이터 20.0GB 추가 제공,,https://www.tworld.co.kr/web/product/callplan/NA00009807,2026-08-06T04:07:27.710071+00:00
MNO,SKT,,NA00009815,NA00009815,official_code,베스트 Max(넷플릭스),,SKT-베스트,False,,,5G,,,,True,,,140.0,,140.0,quota,True,,300,True,,129000,96750,선택약정 25% 할인,,5,1,넷플릭스,VIP,스마트기기 2회선 이용요금 무료,만 34세 이하 공유/테더링 데이터 20.0GB 추가 제공,,https://www.tworld.co.kr/web/product/callplan/NA00009815,2026-08-06T04:07:27.710071+00:00
MNO,SKT,,NA00009815_만 34세 이하,NA00009815,official_code,베스트 Max(넷플릭스),,SKT-베스트,False,만 34세 이하,,5G,,,,True,,,140.0,20.0,160.0,quota,True,,300,True,,129000,96750,선택약정 25% 할인,,5,1,넷플릭스,VIP,스마트기기 2회선 이용요금 무료,만 34세 이하 공유/테더링 데이터 20.0GB 추가 제공,,https://www.tworld.co.kr/web/product/callplan/NA00009815,2026-08-06T04:07:27.710071+00:00
MNO,SKT,,NA00009808,NA00009808,official_code,베스트 Pro(넷플릭스),,SKT-베스트,False,,,5G,,,,True,,,120.0,,120.0,quota,True,,300,True,,119000,89250,선택약정 25% 할인,,5,1,넷플릭스,VIP,스마트기기 2회선 이용요금 무료,만 34세 이하 공유/테더링 데이터 20.0GB 추가 제공,,https://www.tworld.co.kr/web/product/callplan/NA00009808,2026-08-06T04:07:27.710071+00:00
MNO,SKT,,NA00009808_만 34세 이하,NA00009808,official_code,베스트 Pro(넷플릭스),,SKT-베스트,False,만 34세 이하,,5G,,,,True,,,120.0,20.0,140.0,quota,True,,300,True,,119000,89250,선택약정 25% 할인,,5,1,넷플릭스,VIP,스마트기기 2회선 이용요금 무료,만 34세 이하 공유/테더링 데이터 20.0GB 추가 제공,,https://www.tworld.co.kr/web/product/callplan/NA00009808,2026-08-06T04:07:27.710071+00:00
MNO,SKT,,NA00009817,NA00009817,official_code,베스트 Max(티빙&웨이브),,SKT-베스트,False,,,5G,,,,True,,,140.0,,140.0,quota,True,,300,True,,129000,96750,선택약정 25% 할인,,5,1,티빙,VIP,스마트기기 2회선 이용요금 무료,만 34세 이하 공유/테더링 데이터 20.0GB 추가 제공,,https://www.tworld.co.kr/web/product/callplan/NA00009817,2026-08-06T04:07:27.710071+00:00
MNO,SKT,,NA00009817_만 34세 이하,NA00009817,official_code,베스트 Max(티빙&웨이브),,SKT-베스트,False,만 34세 이하,,5G,,,,True,,,140.0,20.0,160.0,quota,True,,300,True,,129000,96750,선택약정 25% 할인,,5,1,티빙,VIP,스마트기기 2회선 이용요금 무료,만 34세 이하 공유/테더링 데이터 20.0GB 추가 제공,,https://www.tworld.co.kr/web/product/callplan/NA00009817,2026-08-06T04:07:27.710071+00:00
MNO,SKT,,NA00009810,NA00009810,official_code,베스트 Pro(티빙&웨이브),,SKT-베스트,False,,,5G,,,,True,,,120.0,,120.0,quota,True,,300,True,,119000,89250,선택약정 25% 할인,,5,1,티빙,VIP,스마트기기 2회선 이용요금 무료,만 34세 이하 공유/테더링 데이터 20.0GB 추가 제공,,https://www.tworld.co.kr/web/product/callplan/NA00009810,2026-08-06T04:07:27.710071+00:00
MNO,SKT,,NA00009810_만 34세 이하,NA00009810,official_code,베스트 Pro(티빙&웨이브),,SKT-베스트,False,만 34세 이하,,5G,,,,True,,,120.0,20.0,140.0,quota,True,,300,True,,119000,89250,선택약정 25% 할인,,5,1,티빙,VIP,스마트기기 2회선 이용요금 무료,만 34세 이하 공유/테더링 데이터 20.0GB 추가 제공,,https://www.tworld.co.kr/web/product/callplan/NA00009810,2026-08-06T04:07:27.710071+00:00
MNO,SKT,,NA00009816,NA00009816,official_code,베스트 Max(디즈니+),,SKT-베스트,False,,,5G,,,,True,,,140.0,,140.0,quota,True,,300,True,,129000,96750,선택약정 25% 할인,,5,1,디즈니+,VIP,스마트기기 2회선 이용요금 무료,만 34세 이하 공유/테더링 데이터 20.0GB 추가 제공,,https://www.tworld.co.kr/web/product/callplan/NA00009816,2026-08-06T04:07:27.710071+00:00
MNO,SKT,,NA00009816_만 34세 이하,NA00009816,official_code,베스트 Max(디즈니+),,SKT-베스트,False,만 34세 이하,,5G,,,,True,,,140.0,20.0,160.0,quota,True,,300,True,,129000,96750,선택약정 25% 할인,,5,1,디즈니+,VIP,스마트기기 2회선 이용요금 무료,만 34세 이하 공유/테더링 데이터 20.0GB 추가 제공,,https://www.tworld.co.kr/web/product/callplan/NA00009816,2026-08-06T04:07:27.710071+00:00
MNO,SKT,,NA00009809,NA00009809,official_code,베스트 Pro(디즈니+),,SKT-베스트,False,,,5G,,,,True,,,120.0,,120.0,quota,True,,300,True,,119000,89250,선택약정 25% 할인,,5,1,디즈니+,VIP,스마트기기 2회선 이용요금 무료,만 34세 이하 공유/테더링 데이터 20.0GB 추가 제공,,https://www.tworld.co.kr/web/product/callplan/NA00009809,2026-08-06T04:07:27.710071+00:00
MNO,SKT,,NA00009809_만 34세 이하,NA00009809,official_code,베스트 Pro(디즈니+),,SKT-베스트,False,만 34세 이하,,5G,,,,True,,,120.0,20.0,140.0,quota,True,,300,True,,119000,89250,선택약정 25% 할인,,5,1,디즈니+,VIP,스마트기기 2회선 이용요금 무료,만 34세 이하 공유/테더링 데이터 20.0GB 추가 제공,,https://www.tworld.co.kr/web/product/callplan/NA00009809,2026-08-06T04:07:27.710071+00:00
MNO,SKT,,NA00009801_YouTubePremium,NA00009801,official_code,베스트 109(유튜브 프리미엄) (YouTube Premium),YouTube Premium,SKT-베스트,False,,,5G,,,,True,,,100.0,,100.0,quota,True,,300,True,,109000,81750,선택약정 25% 할인,,5,1,유튜브 프리미엄,VIP,스마트기기 2회선 이용요금 무료,만 34세 이하 공유/테더링 데이터 20.0GB 추가 제공,,https://www.tworld.co.kr/web/product/callplan/NA00009801,2026-08-06T04:07:27.710071+00:00
MNO,SKT,,NA00009801_YouTubePremiumLite&배달의민족,NA00009801,official_code,베스트 109(유튜브 프리미엄) (YouTube Premium Lite & 배달의민족),YouTube Premium Lite & 배달의민족,SKT-베스트,False,,,5G,,,,True,,,100.0,,100.0,quota,True,,300,True,,109000,81750,선택약정 25% 할인,,5,1,유튜브 프리미엄,VIP,스마트기기 2회선 이용요금 무료,만 34세 이하 공유/테더링 데이터 20.0GB 추가 제공,,https://www.tworld.co.kr/web/product/callplan/NA00009801,2026-08-06T04:07:27.710071+00:00
MNO,SKT,,NA00009801_만 34세 이하_YouTubePremium,NA00009801,official_code,베스트 109(유튜브 프리미엄) (YouTube Premium),YouTube Premium,SKT-베스트,False,만 34세 이하,,5G,,,,True,,,100.0,20.0,120.0,quota,True,,300,True,,109000,81750,선택약정 25% 할인,,5,1,유튜브 프리미엄,VIP,스마트기기 2회선 이용요금 무료,만 34세 이하 공유/테더링 데이터 20.0GB 추가 제공,,https://www.tworld.co.kr/web/product/callplan/NA00009801,2026-08-06T04:07:27.710071+00:00
MNO,SKT,,NA00009801_만 34세 이하_YouTubePremiumLite&배달의민족,NA00009801,official_code,베스트 109(유튜브 프리미엄) (YouTube Premium Lite & 배달의민족),YouTube Premium Lite & 배달의민족,SKT-베스트,False,만 34세 이하,,5G,,,,True,,,100.0,20.0,120.0,quota,True,,300,True,,109000,81750,선택약정 25% 할인,,5,1,유튜브 프리미엄,VIP,스마트기기 2회선 이용요금 무료,만 34세 이하 공유/테더링 데이터 20.0GB 추가 제공,,https://www.tworld.co.kr/web/product/callplan/NA00009801,2026-08-06T04:07:27.710071+00:00
MNO,SKT,,NA00009802,NA00009802,official_code,베스트 109(넷플릭스),,SKT-베스트,False,,,5G,,,,True,,,100.0,,100.0,quota,True,,300,True,,109000,81750,선택약정 25% 할인,,5,1,넷플릭스,VIP,스마트기기 2회선 이용요금 무료,만 34세 이하 공유/테더링 데이터 20.0GB 추가 제공,,https://www.tworld.co.kr/web/product/callplan/NA00009802,2026-08-06T04:07:27.710071+00:00
MNO,SKT,,NA00009802_만 34세 이하,NA00009802,official_code,베스트 109(넷플릭스),,SKT-베스트,False,만 34세 이하,,5G,,,,True,,,100.0,20.0,120.0,quota,True,,300,True,,109000,81750,선택약정 25% 할인,,5,1,넷플릭스,VIP,스마트기기 2회선 이용요금 무료,만 34세 이하 공유/테더링 데이터 20.0GB 추가 제공,,https://www.tworld.co.kr/web/product/callplan/NA00009802,2026-08-06T04:07:27.710071+00:00
MNO,SKT,,NA00009797,NA00009797,official_code,베스트 99(넷플릭스),,SKT-베스트,False,,,5G,,,,True,,,80.0,,80.0,quota,False,,300,True,,99000,74250,선택약정 25% 할인,,5,1,넷플릭스,VIP,스마트기기 2회선 이용요금 무료,만 34세 이하 공유/테더링 데이터 20.0GB 추가 제공,,https://www.tworld.co.kr/web/product/callplan/NA00009797,2026-08-06T04:07:27.710071+00:00
MNO,SKT,,NA00009797_만 34세 이하,NA00009797,official_code,베스트 99(넷플릭스),,SKT-베스트,False,만 34세 이하,,5G,,,,True,,,80.0,20.0,100.0,quota,False,,300,True,,99000,74250,선택약정 25% 할인,,5,1,넷플릭스,VIP,스마트기기 2회선 이용요금 무료,만 34세 이하 공유/테더링 데이터 20.0GB 추가 제공,,https://www.tworld.co.kr/web/product/callplan/NA00009797,2026-08-06T04:07:27.710071+00:00
MNO,SKT,,NA00009793,NA00009793,official_code,베스트 89(넷플릭스),,SKT-베스트,False,,,5G,,,,True,,,60.0,,60.0,quota,True,,300,True,,89000,66750,선택약정 25% 할인,,5,1,넷플릭스,VIP,스마트기기 1회선 이용요금 무료,만 34세 이하 공유/테더링 데이터 20.0GB 추가 제공,,https://www.tworld.co.kr/web/product/callplan/NA00009793,2026-08-06T04:07:27.710071+00:00
MNO,SKT,,NA00009793_만 34세 이하,NA00009793,official_code,베스트 89(넷플릭스),,SKT-베스트,False,만 34세 이하,,5G,,,,True,,,60.0,20.0,80.0,quota,True,,300,True,,89000,66750,선택약정 25% 할인,,5,1,넷플릭스,VIP,스마트기기 1회선 이용요금 무료,만 34세 이하 공유/테더링 데이터 20.0GB 추가 제공,,https://www.tworld.co.kr/web/product/callplan/NA00009793,2026-08-06T04:07:27.710071+00:00
MNO,SKT,,NA00009803,NA00009803,official_code,베스트 109(디즈니+),,SKT-베스트,False,,,5G,,,,True,,,100.0,,100.0,quota,True,,300,True,,109000,81750,선택약정 25% 할인,,5,1,디즈니+,VIP,스마트기기 2회선 이용요금 무료,만 34세 이하 공유/테더링 데이터 20.0GB 추가 제공,,https://www.tworld.co.kr/web/product/callplan/NA00009803,2026-08-06T04:07:27.710071+00:00
MNO,SKT,,NA00009803_만 34세 이하,NA00009803,official_code,베스트 109(디즈니+),,SKT-베스트,False,만 34세 이하,,5G,,,,True,,,100.0,20.0,120.0,quota,True,,300,True,,109000,81750,선택약정 25% 할인,,5,1,디즈니+,VIP,스마트기기 2회선 이용요금 무료,만 34세 이하 공유/테더링 데이터 20.0GB 추가 제공,,https://www.tworld.co.kr/web/product/callplan/NA00009803,2026-08-06T04:07:27.710071+00:00
MNO,SKT,,NA00009798,NA00009798,official_code,베스트 99(디즈니+),,SKT-베스트,False,,,5G,,,,True,,,80.0,,80.0,quota,True,,300,True,,99000,74250,선택약정 25% 할인,,5,1,디즈니+,VIP,스마트기기 2회선 이용요금 무료,만 34세 이하 공유/테더링 데이터 20.0GB 추가 제공,,https://www.tworld.co.kr/web/product/callplan/NA00009798,2026-08-06T04:07:27.710071+00:00
MNO,SKT,,NA00009798_만 34세 이하,NA00009798,official_code,베스트 99(디즈니+),,SKT-베스트,False,만 34세 이하,,5G,,,,True,,,80.0,20.0,100.0,quota,True,,300,True,,99000,74250,선택약정 25% 할인,,5,1,디즈니+,VIP,스마트기기 2회선 이용요금 무료,만 34세 이하 공유/테더링 데이터 20.0GB 추가 제공,,https://www.tworld.co.kr/web/product/callplan/NA00009798,2026-08-06T04:07:27.710071+00:00
MNO,SKT,,NA00009794,NA00009794,official_code,베스트 89(디즈니+),,SKT-베스트,False,,,5G,,,,True,,,60.0,,60.0,quota,True,,300,True,,89000,66750,선택약정 25% 할인,,5,1,디즈니+,VIP,스마트기기 1회선 이용요금 무료,만 34세 이하 공유/테더링 데이터 20.0GB 추가 제공,,https://www.tworld.co.kr/web/product/callplan/NA00009794,2026-08-06T04:07:27.710071+00:00
MNO,SKT,,NA00009794_만 34세 이하,NA00009794,official_code,베스트 89(디즈니+),,SKT-베스트,False,만 34세 이하,,5G,,,,True,,,60.0,20.0,80.0,quota,True,,300,True,,89000,66750,선택약정 25% 할인,,5,1,디즈니+,VIP,스마트기기 1회선 이용요금 무료,만 34세 이하 공유/테더링 데이터 20.0GB 추가 제공,,https://www.tworld.co.kr/web/product/callplan/NA00009794,2026-08-06T04:07:27.710071+00:00
MNO,SKT,,NA00009804,NA00009804,official_code,베스트 109(티빙&웨이브),,SKT-베스트,False,,,5G,,,,True,,,100.0,,100.0,quota,True,,300,True,,109000,81750,선택약정 25% 할인,,5,1,티빙,VIP,스마트기기 2회선 이용요금 무료,만 34세 이하 공유/테더링 데이터 20.0GB 추가 제공,,https://www.tworld.co.kr/web/product/callplan/NA00009804,2026-08-06T04:07:27.710071+00:00
MNO,SKT,,NA00009804_만 34세 이하,NA00009804,official_code,베스트 109(티빙&웨이브),,SKT-베스트,False,만 34세 이하,,5G,,,,True,,,100.0,20.0,120.0,quota,True,,300,True,,109000,81750,선택약정 25% 할인,,5,1,티빙,VIP,스마트기기 2회선 이용요금 무료,만 34세 이하 공유/테더링 데이터 20.0GB 추가 제공,,https://www.tworld.co.kr/web/product/callplan/NA00009804,2026-08-06T04:07:27.710071+00:00
MNO,SKT,,NA00009799,NA00009799,official_code,베스트 99(티빙&웨이브),,SKT-베스트,False,,,5G,,,,True,,,80.0,,80.0,quota,True,,300,True,,99000,74250,선택약정 25% 할인,,5,1,티빙,VIP,스마트기기 2회선 이용요금 무료,만 34세 이하 공유/테더링 데이터 20.0GB 추가 제공,,https://www.tworld.co.kr/web/product/callplan/NA00009799,2026-08-06T04:07:27.710071+00:00
MNO,SKT,,NA00009799_만 34세 이하,NA00009799,official_code,베스트 99(티빙&웨이브),,SKT-베스트,False,만 34세 이하,,5G,,,,True,,,80.0,20.0,100.0,quota,True,,300,True,,99000,74250,선택약정 25% 할인,,5,1,티빙,VIP,스마트기기 2회선 이용요금 무료,만 34세 이하 공유/테더링 데이터 20.0GB 추가 제공,,https://www.tworld.co.kr/web/product/callplan/NA00009799,2026-08-06T04:07:27.710071+00:00
MNO,SKT,,NA00009795,NA00009795,official_code,베스트 89(티빙&웨이브),,SKT-베스트,False,,,5G,,,,True,,,60.0,,60.0,quota,True,,300,True,,89000,66750,선택약정 25% 할인,,5,1,티빙,VIP,스마트기기 1회선 이용요금 무료,만 34세 이하 공유/테더링 데이터 20.0GB 추가 제공,,https://www.tworld.co.kr/web/product/callplan/NA00009795,2026-08-06T04:07:27.710071+00:00
MNO,SKT,,NA00009795_만 34세 이하,NA00009795,official_code,베스트 89(티빙&웨이브),,SKT-베스트,False,만 34세 이하,,5G,,,,True,,,60.0,20.0,80.0,quota,True,,300,True,,89000,66750,선택약정 25% 할인,,5,1,티빙,VIP,스마트기기 1회선 이용요금 무료,만 34세 이하 공유/테더링 데이터 20.0GB 추가 제공,,https://www.tworld.co.kr/web/product/callplan/NA00009795,2026-08-06T04:07:27.710071+00:00
MNO,SKT,,NA00009813,NA00009813,official_code,베스트 Max(T 우주),,SKT-베스트,False,,,5G,,,,True,,,140.0,,140.0,quota,True,,300,True,,129000,96750,선택약정 25% 할인,,5,1,T 우주,VIP,스마트기기 2회선 이용요금 무료,만 34세 이하 공유/테더링 데이터 20.0GB 추가 제공,,https://www.tworld.co.kr/web/product/callplan/NA00009813,2026-08-06T04:07:27.710071+00:00
MNO,SKT,,NA00009813_만 34세 이하,NA00009813,official_code,베스트 Max(T 우주),,SKT-베스트,False,만 34세 이하,,5G,,,,True,,,140.0,20.0,160.0,quota,True,,300,True,,129000,96750,선택약정 25% 할인,,5,1,T 우주,VIP,스마트기기 2회선 이용요금 무료,만 34세 이하 공유/테더링 데이터 20.0GB 추가 제공,,https://www.tworld.co.kr/web/product/callplan/NA00009813,2026-08-06T04:07:27.710071+00:00
MNO,SKT,,NA00009806,NA00009806,official_code,베스트 Pro(T 우주),,SKT-베스트,False,,,5G,,,,True,,,120.0,,120.0,quota,True,,300,True,,119000,89250,선택약정 25% 할인,,5,1,T 우주,VIP,스마트기기 2회선 이용요금 무료,만 34세 이하 공유/테더링 데이터 20.0GB 추가 제공,,https://www.tworld.co.kr/web/product/callplan/NA00009806,2026-08-06T04:07:27.710071+00:00
MNO,SKT,,NA00009806_만 34세 이하,NA00009806,official_code,베스트 Pro(T 우주),,SKT-베스트,False,만 34세 이하,,5G,,,,True,,,120.0,20.0,140.0,quota,True,,300,True,,119000,89250,선택약정 25% 할인,,5,1,T 우주,VIP,스마트기기 2회선 이용요금 무료,만 34세 이하 공유/테더링 데이터 20.0GB 추가 제공,,https://www.tworld.co.kr/web/product/callplan/NA00009806,2026-08-06T04:07:27.710071+00:00
MNO,SKT,,NA00009800,NA00009800,official_code,베스트 109(T 우주),,SKT-베스트,False,,,5G,,,,True,,,100.0,,100.0,quota,True,,300,True,,109000,81750,선택약정 25% 할인,,5,1,T 우주,VIP,스마트기기 2회선 이용요금 무료,만 34세 이하 공유/테더링 데이터 20.0GB 추가 제공,,https://www.tworld.co.kr/web/product/callplan/NA00009800,2026-08-06T04:07:27.710071+00:00
MNO,SKT,,NA00009800_만 34세 이하,NA00009800,official_code,베스트 109(T 우주),,SKT-베스트,False,만 34세 이하,,5G,,,,True,,,100.0,20.0,120.0,quota,True,,300,True,,109000,81750,선택약정 25% 할인,,5,1,T 우주,VIP,스마트기기 2회선 이용요금 무료,만 34세 이하 공유/테더링 데이터 20.0GB 추가 제공,,https://www.tworld.co.kr/web/product/callplan/NA00009800,2026-08-06T04:07:27.710071+00:00
MNO,SKT,,NA00009796,NA00009796,official_code,베스트 99(T 우주),,SKT-베스트,False,,,5G,,,,True,,,80.0,,80.0,quota,True,,300,True,,99000,74250,선택약정 25% 할인,,5,1,T 우주,VIP,스마트기기 2회선 이용요금 무료,만 34세 이하 공유/테더링 데이터 20.0GB 추가 제공,,https://www.tworld.co.kr/web/product/callplan/NA00009796,2026-08-06T04:07:27.710071+00:00
MNO,SKT,,NA00009796_만 34세 이하,NA00009796,official_code,베스트 99(T 우주),,SKT-베스트,False,만 34세 이하,,5G,,,,True,,,80.0,20.0,100.0,quota,True,,300,True,,99000,74250,선택약정 25% 할인,,5,1,T 우주,VIP,스마트기기 2회선 이용요금 무료,만 34세 이하 공유/테더링 데이터 20.0GB 추가 제공,,https://www.tworld.co.kr/web/product/callplan/NA00009796,2026-08-06T04:07:27.710071+00:00
MNO,SKT,,NA00009792,NA00009792,official_code,베스트 89(T 우주),,SKT-베스트,False,,,5G,,,,True,,,60.0,,60.0,quota,True,,300,True,,89000,66750,선택약정 25% 할인,,5,1,T 우주,VIP,스마트기기 1회선 이용요금 무료,만 34세 이하 공유/테더링 데이터 20.0GB 추가 제공,,https://www.tworld.co.kr/web/product/callplan/NA00009792,2026-08-06T04:07:27.710071+00:00
MNO,SKT,,NA00009792_만 34세 이하,NA00009792,official_code,베스트 89(T 우주),,SKT-베스트,False,만 34세 이하,,5G,,,,True,,,60.0,20.0,80.0,quota,True,,300,True,,89000,66750,선택약정 25% 할인,,5,1,T 우주,VIP,스마트기기 1회선 이용요금 무료,만 34세 이하 공유/테더링 데이터 20.0GB 추가 제공,,https://www.tworld.co.kr/web/product/callplan/NA00009792,2026-08-06T04:07:27.710071+00:00
MNO,SKT,,NA00009819,NA00009819,official_code,베스트 Max(스마트기기),,SKT-베스트,False,,,5G,,,,True,,,140.0,,140.0,quota,True,,300,True,,129000,96750,선택약정 25% 할인,,5,0,,VIP,"스마트기기 할부금 24,000원 할인 | 스마트기기 2회선 이용요금 무료",만 34세 이하 공유/테더링 데이터 20.0GB 추가 제공,,https://www.tworld.co.kr/web/product/callplan/NA00009819,2026-08-06T04:07:27.710071+00:00
MNO,SKT,,NA00009819_만 34세 이하,NA00009819,official_code,베스트 Max(스마트기기),,SKT-베스트,False,만 34세 이하,,5G,,,,True,,,140.0,20.0,160.0,quota,True,,300,True,,129000,96750,선택약정 25% 할인,,5,0,,VIP,"스마트기기 할부금 24,000원 할인 | 스마트기기 2회선 이용요금 무료",만 34세 이하 공유/테더링 데이터 20.0GB 추가 제공,,https://www.tworld.co.kr/web/product/callplan/NA00009819,2026-08-06T04:07:27.710071+00:00
MNO,SKT,,NA00009812,NA00009812,official_code,베스트 Pro(스마트기기),,SKT-베스트,False,,,5G,,,,True,,,120.0,,120.0,quota,True,,300,True,,119000,89250,선택약정 25% 할인,,5,0,,VIP,"스마트기기 할부금 18,000원 할인 | 스마트기기 2회선 이용요금 무료",만 34세 이하 공유/테더링 데이터 20.0GB 추가 제공,,https://www.tworld.co.kr/web/product/callplan/NA00009812,2026-08-06T04:07:27.710071+00:00
MNO,SKT,,NA00009812_만 34세 이하,NA00009812,official_code,베스트 Pro(스마트기기),,SKT-베스트,False,만 34세 이하,,5G,,,,True,,,120.0,20.0,140.0,quota,True,,300,True,,119000,89250,선택약정 25% 할인,,5,0,,VIP,"스마트기기 할부금 18,000원 할인 | 스마트기기 2회선 이용요금 무료",만 34세 이하 공유/테더링 데이터 20.0GB 추가 제공,,https://www.tworld.co.kr/web/product/callplan/NA00009812,2026-08-06T04:07:27.710071+00:00
MNO,SKT,,NA00009805,NA00009805,official_code,베스트 109(스마트기기),,SKT-베스트,False,,,5G,,,,True,,,100.0,,100.0,quota,True,,300,True,,109000,81750,선택약정 25% 할인,,5,0,,VIP,"스마트기기 할부금 12,000원 할인 | 스마트기기 2회선 이용요금 무료",만 34세 이하 공유/테더링 데이터 20.0GB 추가 제공,,https://www.tworld.co.kr/web/product/callplan/NA00009805,2026-08-06T04:07:27.710071+00:00
MNO,SKT,,NA00009805_만 34세 이하,NA00009805,official_code,베스트 109(스마트기기),,SKT-베스트,False,만 34세 이하,,5G,,,,True,,,100.0,20.0,120.0,quota,True,,300,True,,109000,81750,선택약정 25% 할인,,5,0,,VIP,"스마트기기 할부금 12,000원 할인 | 스마트기기 2회선 이용요금 무료",만 34세 이하 공유/테더링 데이터 20.0GB 추가 제공,,https://www.tworld.co.kr/web/product/callplan/NA00009805,2026-08-06T04:07:27.710071+00:00
MNO,SKT,,NA00009791,NA00009791,official_code,라이트 79,,SKT-라이트,False,,,5G,250.0,,250.0,False,5Mbps,,54.0,,54.0,quota,True,,300,True,,79000,59250,선택약정 25% 할인,,3,0,,,스마트기기 1회선 이용요금 최대 50% 할인,만 34세 이하 기본 데이터 50.0GB 추가 제공,,https://www.tworld.co.kr/web/product/callplan/NA00009791,2026-08-06T04:07:27.710071+00:00
MNO,SKT,,NA00009791_만 34세 이하,NA00009791,official_code,라이트 79,,SKT-라이트,False,만 34세 이하,,5G,250.0,50.0,300.0,False,5Mbps,,54.0,,54.0,quota,True,,300,True,,79000,59250,선택약정 25% 할인,,3,0,,,스마트기기 1회선 이용요금 최대 50% 할인,만 34세 이하 기본 데이터 50.0GB 추가 제공,,https://www.tworld.co.kr/web/product/callplan/NA00009791,2026-08-06T04:07:27.710071+00:00
MNO,SKT,,NA00009790,NA00009790,official_code,라이트 69,,SKT-라이트,False,,,5G,110.0,,110.0,False,5Mbps,,48.0,,48.0,quota,True,,300,True,,69000,51750,선택약정 25% 할인,,2,0,,,,만 34세 이하 기본 데이터 50.0GB 추가 제공,,https://www.tworld.co.kr/web/product/callplan/NA00009790,2026-08-06T04:07:27.710071+00:00
MNO,SKT,,NA00009790_만 34세 이하,NA00009790,official_code,라이트 69,,SKT-라이트,False,만 34세 이하,,5G,110.0,50.0,160.0,False,5Mbps,,48.0,,48.0,quota,True,,300,True,,69000,51750,선택약정 25% 할인,,2,0,,,,만 34세 이하 기본 데이터 50.0GB 추가 제공,,https://www.tworld.co.kr/web/product/callplan/NA00009790,2026-08-06T04:07:27.710071+00:00
MNO,SKT,,NA00009789,NA00009789,official_code,라이트 59 75GB업,,SKT-라이트,False,,,5G,99.0,,99.0,False,1Mbps,,24.0,,24.0,quota,True,,300,True,,68000,51000,선택약정 25% 할인,,2,0,,,,만 34세 이하 기본 데이터 37.0GB 추가 제공,,https://www.tworld.co.kr/web/product/callplan/NA00009789,2026-08-06T04:07:27.710071+00:00
MNO,SKT,,NA00009789_만 34세 이하,NA00009789,official_code,라이트 59 75GB업,,SKT-라이트,False,만 34세 이하,,5G,99.0,37.0,136.0,False,1Mbps,,24.0,,24.0,quota,True,,300,True,,68000,51000,선택약정 25% 할인,,2,0,,,,만 34세 이하 기본 데이터 37.0GB 추가 제공,,https://www.tworld.co.kr/web/product/callplan/NA00009789,2026-08-06T04:07:27.710071+00:00
MNO,SKT,,NA00009788,NA00009788,official_code,라이트 59 50GB업,,SKT-라이트,False,,,5G,74.0,,74.0,False,1Mbps,,24.0,,24.0,quota,True,,300,True,,66000,49500,선택약정 25% 할인,,2,0,,,,만 34세 이하 기본 데이터 22.0GB 추가 제공,,https://www.tworld.co.kr/web/product/callplan/NA00009788,2026-08-06T04:07:27.710071+00:00
MNO,SKT,,NA00009788_만 34세 이하,NA00009788,official_code,라이트 59 50GB업,,SKT-라이트,False,만 34세 이하,,5G,74.0,22.0,96.0,False,1Mbps,,24.0,,24.0,quota,True,,300,True,,66000,49500,선택약정 25% 할인,,2,0,,,,만 34세 이하 기본 데이터 22.0GB 추가 제공,,https://www.tworld.co.kr/web/product/callplan/NA00009788,2026-08-06T04:07:27.710071+00:00
MNO,SKT,,NA00009787,NA00009787,official_code,라이트 59 30GB업,,SKT-라이트,False,,,5G,54.0,,54.0,False,1Mbps,,24.0,,24.0,quota,True,,300,True,,64000,48000,선택약정 25% 할인,,2,0,,,,만 34세 이하 기본 데이터 18.0GB 추가 제공,,https://www.tworld.co.kr/web/product/callplan/NA00009787,2026-08-06T04:07:27.710071+00:00
MNO,SKT,,NA00009787_만 34세 이하,NA00009787,official_code,라이트 59 30GB업,,SKT-라이트,False,만 34세 이하,,5G,54.0,18.0,72.0,False,1Mbps,,24.0,,24.0,quota,True,,300,True,,64000,48000,선택약정 25% 할인,,2,0,,,,만 34세 이하 기본 데이터 18.0GB 추가 제공,,https://www.tworld.co.kr/web/product/callplan/NA00009787,2026-08-06T04:07:27.710071+00:00
MNO,SKT,,NA00009786,NA00009786,official_code,라이트 59 13GB업,,SKT-라이트,False,,,5G,37.0,,37.0,False,1Mbps,,24.0,,24.0,quota,True,,300,True,,62000,46499,선택약정 25% 할인,,2,0,,,,만 34세 이하 기본 데이터 14.0GB 추가 제공,,https://www.tworld.co.kr/web/product/callplan/NA00009786,2026-08-06T04:07:27.710071+00:00
MNO,SKT,,NA00009786_만 34세 이하,NA00009786,official_code,라이트 59 13GB업,,SKT-라이트,False,만 34세 이하,,5G,37.0,14.0,51.0,False,1Mbps,,24.0,,24.0,quota,True,,300,True,,62000,46499,선택약정 25% 할인,,2,0,,,,만 34세 이하 기본 데이터 14.0GB 추가 제공,,https://www.tworld.co.kr/web/product/callplan/NA00009786,2026-08-06T04:07:27.710071+00:00
MNO,SKT,,NA00009785,NA00009785,official_code,라이트 59,,SKT-라이트,False,,,5G,24.0,,24.0,False,1Mbps,,0.0,,0.0,quota,True,,300,True,,59000,44250,선택약정 25% 할인,,2,0,,,,만 34세 이하 기본 데이터 12.0GB 추가 제공,,https://www.tworld.co.kr/web/product/callplan/NA00009785,2026-08-06T04:07:27.710071+00:00
MNO,SKT,,NA00009785_만 34세 이하,NA00009785,official_code,라이트 59,,SKT-라이트,False,만 34세 이하,,5G,24.0,12.0,36.0,False,1Mbps,,0.0,,0.0,quota,True,,300,True,,59000,44250,선택약정 25% 할인,,2,0,,,,만 34세 이하 기본 데이터 12.0GB 추가 제공,,https://www.tworld.co.kr/web/product/callplan/NA00009785,2026-08-06T04:07:27.710071+00:00
MNO,SKT,,NA00009784,NA00009784,official_code,라이트 55,,SKT-라이트,False,,,5G,15.0,,15.0,False,1Mbps,,0.0,,0.0,quota,True,,300,True,,55000,41250,선택약정 25% 할인,,2,0,,,,만 34세 이하 기본 데이터 6.0GB 추가 제공,,https://www.tworld.co.kr/web/product/callplan/NA00009784,2026-08-06T04:07:27.710071+00:00
MNO,SKT,,NA00009784_만 34세 이하,NA00009784,official_code,라이트 55,,SKT-라이트,False,만 34세 이하,,5G,15.0,6.0,21.0,False,1Mbps,,0.0,,0.0,quota,True,,300,True,,55000,41250,선택약정 25% 할인,,2,0,,,,만 34세 이하 기본 데이터 6.0GB 추가 제공,,https://www.tworld.co.kr/web/product/callplan/NA00009784,2026-08-06T04:07:27.710071+00:00
MNO,SKT,,NA00009783,NA00009783,official_code,라이트 49,,SKT-라이트,False,,,5G,11.0,,11.0,False,400Kbps,,0.0,,0.0,quota,True,,300,True,,49000,36750,선택약정 25% 할인,,2,0,,,,만 34세 이하 기본 데이터 4.0GB 추가 제공,,https://www.tworld.co.kr/web/product/callplan/NA00009783,2026-08-06T04:07:27.710071+00:00
MNO,SKT,,NA00009783_만 34세 이하,NA00009783,official_code,라이트 49,,SKT-라이트,False,만 34세 이하,,5G,11.0,4.0,15.0,False,400Kbps,,0.0,,0.0,quota,True,,300,True,,49000,36750,선택약정 25% 할인,,2,0,,,,만 34세 이하 기본 데이터 4.0GB 추가 제공,,https://www.tworld.co.kr/web/product/callplan/NA00009783,2026-08-06T04:07:27.710071+00:00
MNO,SKT,,NA00009782,NA00009782,official_code,라이트 45,,SKT-라이트,False,,,5G,8.0,,8.0,False,400Kbps,,0.0,,0.0,quota,True,,300,True,,45000,33750,선택약정 25% 할인,,4,0,,,,만 18세 이하 기본 데이터 2.5GB 추가 제공 | 만 34세 이하 기본 데이터 2.0GB 추가 제공 | 만 65세 이상 기본 데이터 2.5GB 추가 제공,,https://www.tworld.co.kr/web/product/callplan/NA00009782,2026-08-06T04:07:27.710071+00:00
MNO,SKT,,NA00009782_만 18세 이하,NA00009782,official_code,라이트 45,,SKT-라이트,False,만 18세 이하,,5G,8.0,2.5,10.5,False,400Kbps,,0.0,,0.0,quota,True,,300,True,,45000,33750,선택약정 25% 할인,,4,0,,,,만 18세 이하 기본 데이터 2.5GB 추가 제공 | 만 34세 이하 기본 데이터 2.0GB 추가 제공 | 만 65세 이상 기본 데이터 2.5GB 추가 제공,,https://www.tworld.co.kr/web/product/callplan/NA00009782,2026-08-06T04:07:27.710071+00:00
MNO,SKT,,NA00009782_만 34세 이하,NA00009782,official_code,라이트 45,,SKT-라이트,False,만 34세 이하,,5G,8.0,2.0,10.0,False,400Kbps,,0.0,,0.0,quota,True,,300,True,,45000,33750,선택약정 25% 할인,,4,0,,,,만 18세 이하 기본 데이터 2.5GB 추가 제공 | 만 34세 이하 기본 데이터 2.0GB 추가 제공 | 만 65세 이상 기본 데이터 2.5GB 추가 제공,,https://www.tworld.co.kr/web/product/callplan/NA00009782,2026-08-06T04:07:27.710071+00:00
MNO,SKT,,NA00009782_만 65세 이상,NA00009782,official_code,라이트 45,,SKT-라이트,False,만 65세 이상,,5G,8.0,2.5,10.5,False,400Kbps,,0.0,,0.0,quota,True,,300,True,,45000,33750,선택약정 25% 할인,,4,0,,,,만 18세 이하 기본 데이터 2.5GB 추가 제공 | 만 34세 이하 기본 데이터 2.0GB 추가 제공 | 만 65세 이상 기본 데이터 2.5GB 추가 제공,,https://www.tworld.co.kr/web/product/callplan/NA00009782,2026-08-06T04:07:27.710071+00:00
MNO,SKT,,NA00009781,NA00009781,official_code,라이트 39,,SKT-라이트,False,,,5G,6.0,,6.0,False,400Kbps,,0.0,,0.0,quota,True,,300,True,,39000,29250,선택약정 25% 할인,,4,0,,,,만 18세 이하 기본 데이터 1.5GB 추가 제공 | 만 34세 이하 기본 데이터 1.0GB 추가 제공 | 만 65세 이상 기본 데이터 1.5GB 추가 제공,,https://www.tworld.co.kr/web/product/callplan/NA00009781,2026-08-06T04:07:27.710071+00:00
MNO,SKT,,NA00009781_만 18세 이하,NA00009781,official_code,라이트 39,,SKT-라이트,False,만 18세 이하,,5G,6.0,1.5,7.5,False,400Kbps,,0.0,,0.0,quota,True,,300,True,,39000,29250,선택약정 25% 할인,,4,0,,,,만 18세 이하 기본 데이터 1.5GB 추가 제공 | 만 34세 이하 기본 데이터 1.0GB 추가 제공 | 만 65세 이상 기본 데이터 1.5GB 추가 제공,,https://www.tworld.co.kr/web/product/callplan/NA00009781,2026-08-06T04:07:27.710071+00:00
MNO,SKT,,NA00009781_만 34세 이하,NA00009781,official_code,라이트 39,,SKT-라이트,False,만 34세 이하,,5G,6.0,1.0,7.0,False,400Kbps,,0.0,,0.0,quota,True,,300,True,,39000,29250,선택약정 25% 할인,,4,0,,,,만 18세 이하 기본 데이터 1.5GB 추가 제공 | 만 34세 이하 기본 데이터 1.0GB 추가 제공 | 만 65세 이상 기본 데이터 1.5GB 추가 제공,,https://www.tworld.co.kr/web/product/callplan/NA00009781,2026-08-06T04:07:27.710071+00:00
MNO,SKT,,NA00009781_만 65세 이상,NA00009781,official_code,라이트 39,,SKT-라이트,False,만 65세 이상,,5G,6.0,1.5,7.5,False,400Kbps,,0.0,,0.0,quota,True,,300,True,,39000,29250,선택약정 25% 할인,,4,0,,,,만 18세 이하 기본 데이터 1.5GB 추가 제공 | 만 34세 이하 기본 데이터 1.0GB 추가 제공 | 만 65세 이상 기본 데이터 1.5GB 추가 제공,,https://www.tworld.co.kr/web/product/callplan/NA00009781,2026-08-06T04:07:27.710071+00:00
MNO,SKT,,NA00007492,NA00007492,official_code,ZEM플랜 퍼펙트,,SKT-전용,False,만 12세 이하,,5G,6.0,,6.0,False,1Mbps,,0.0,,0.0,quota,True,,300,False,,36000,27000,선택약정 25% 할인,,0,0,,,,,,https://www.tworld.co.kr/web/product/callplan/NA00007492,2026-08-06T04:07:27.710071+00:00
MNO,SKT,,NA00007493,NA00007493,official_code,ZEM플랜 베스트,,SKT-전용,False,만 12세 이하,,5G,3.0,,3.0,False,400Kbps,,0.0,,0.0,quota,True,,100,False,,26000,19500,선택약정 25% 할인,,0,0,,,,,,https://www.tworld.co.kr/web/product/callplan/NA00007493,2026-08-06T04:07:27.710071+00:00
MNO,SKT,,NA00008234,NA00008234,official_code,5G 시니어 B형,,SKT-전용,False,만 70세 이상,,5G,9.0,,9.0,False,1Mbps,,0.0,,0.0,quota,True,,400,False,,44000,33000,선택약정 25% 할인,,0,0,,,,,,https://www.tworld.co.kr/web/product/callplan/NA00008234,2026-08-06T04:07:27.710071+00:00
MNO,SKT,,NA00008235,NA00008235,official_code,5G 시니어 C형,,SKT-전용,False,만 80세 이상,,5G,8.0,,8.0,False,1Mbps,,0.0,,0.0,quota,True,,400,False,,42000,31500,선택약정 25% 할인,,0,0,,,,,,https://www.tworld.co.kr/web/product/callplan/NA00008235,2026-08-06T04:07:27.710071+00:00
MNO,SKT,,NA00006534,NA00006534,official_code,T플랜 세이브,,SKT-전용,False,,,5G,1.5,,1.5,False,400Kbps,,0.0,,0.0,quota,True,,100,False,,33000,24750,선택약정 25% 할인,,3,0,,,,만 18세 이하 기본 데이터 1.0GB 추가 제공 | 만 34세 이하 기본 데이터 0.488GB 추가 제공 | 만 65세 이상 기본 데이터 1.0GB 추가 제공,,https://www.tworld.co.kr/web/product/callplan/NA00006534,2026-08-06T04:07:27.710071+00:00
MNO,SKT,,NA00006534_만 18세 이하,NA00006534,official_code,T플랜 세이브,,SKT-전용,False,만 18세 이하,,5G,1.5,1.0,2.5,False,400Kbps,,0.0,,0.0,quota,True,,100,False,,33000,24750,선택약정 25% 할인,,3,0,,,,만 18세 이하 기본 데이터 1.0GB 추가 제공 | 만 34세 이하 기본 데이터 0.488GB 추가 제공 | 만 65세 이상 기본 데이터 1.0GB 추가 제공,,https://www.tworld.co.kr/web/product/callplan/NA00006534,2026-08-06T04:07:27.710071+00:00
MNO,SKT,,NA00006534_만 34세 이하,NA00006534,official_code,T플랜 세이브,,SKT-전용,False,만 34세 이하,,5G,1.5,0.488,1.988,False,400Kbps,,0.0,,0.0,quota,True,,100,False,,33000,24750,선택약정 25% 할인,,3,0,,,,만 18세 이하 기본 데이터 1.0GB 추가 제공 | 만 34세 이하 기본 데이터 0.488GB 추가 제공 | 만 65세 이상 기본 데이터 1.0GB 추가 제공,,https://www.tworld.co.kr/web/product/callplan/NA00006534,2026-08-06T04:07:27.710071+00:00
MNO,SKT,,NA00006534_만 65세 이상,NA00006534,official_code,T플랜 세이브,,SKT-전용,False,만 65세 이상,,5G,1.5,1.0,2.5,False,400Kbps,,0.0,,0.0,quota,True,,100,False,,33000,24750,선택약정 25% 할인,,3,0,,,,만 18세 이하 기본 데이터 1.0GB 추가 제공 | 만 34세 이하 기본 데이터 0.488GB 추가 제공 | 만 65세 이상 기본 데이터 1.0GB 추가 제공,,https://www.tworld.co.kr/web/product/callplan/NA00006534,2026-08-06T04:07:27.710071+00:00
MNO,SKT,,NA00005628,NA00005628,official_code,주말엔 팅 3.0G,,SKT-전용,False,만 18세 이하,,LTE,3.0,,3.0,False,400Kbps,,0.0,,0.0,quota,True,,50,False,,41000,30750,선택약정 25% 할인,,0,0,,,,,,https://www.tworld.co.kr/web/product/callplan/NA00005628,2026-08-06T04:07:27.710071+00:00
MNO,SKT,,NA00005627,NA00005627,official_code,주말엔 팅 세이브,,SKT-전용,False,만 18세 이하,,LTE,0.781,,0.781,False,400Kbps,,0.0,,0.0,quota,True,,50,False,,31000,23250,선택약정 25% 할인,,0,0,,,,,,https://www.tworld.co.kr/web/product/callplan/NA00005627,2026-08-06T04:07:27.710071+00:00
MNO,SKT,,NA00004891,NA00004891,official_code,ZEM플랜 스마트,,SKT-전용,False,만 12세 이하,,5G,1.5,,1.5,False,400Kbps,,,,,quota,False,2,60,False,,19800,14850,선택약정 25% 할인,,0,0,,,,,,https://www.tworld.co.kr/web/product/callplan/NA00004891,2026-08-06T04:07:27.710071+00:00
MNO,SKT,,NA00004934,NA00004934,official_code,T끼리 어르신,,SKT-전용,False,만 65세 이상,,LTE,0.391,,0.391,False,400Kbps,,0.0,,0.0,quota,False,,,False,,19800,14850,선택약정 25% 할인,,0,0,,,,,,https://www.tworld.co.kr/web/product/callplan/NA00004934,2026-08-06T04:07:27.710071+00:00
MNO,SKT,,NA00005479,NA00005479,official_code,뉴 T끼리 맞춤형(100분+250MB),,SKT-전용,False,,,5G,0.244,,0.244,False,400Kbps,,0.0,,0.0,quota,False,,,False,,27830,20872,선택약정 25% 할인,,2,0,,,,만 65세 이상 기본 데이터 0.342GB 추가 제공,,https://www.tworld.co.kr/web/product/callplan/NA00005479,2026-08-06T04:07:27.710071+00:00
MNO,SKT,,NA00005479_만 65세 이상,NA00005479,official_code,뉴 T끼리 맞춤형(100분+250MB),,SKT-전용,False,만 65세 이상,,5G,0.244,0.342,0.586,False,400Kbps,,0.0,,0.0,quota,True,,,False,,27830,20872,선택약정 25% 할인,,2,0,,,,만 65세 이상 기본 데이터 0.342GB 추가 제공,,https://www.tworld.co.kr/web/product/callplan/NA00005479,2026-08-06T04:07:27.710071+00:00
MNO,SKT,,NA00002200,NA00002200,official_code,표준요금제,,SKT-전용,False,,,LTE,,,,False,,,,,,quota,False,,,False,50,12100,9075,선택약정 25% 할인,,0,0,,,,,,https://www.tworld.co.kr/web/product/callplan/NA00002200,2026-08-06T04:07:27.710071+00:00
